datum;zeitstempel;rohstoff;kategorie;preis;einheit;preis_eur;quelle;symbol;notiz;status
2026-03-03;2026-03-03 13:36:09;Nickel;Basismetalle;17088.63;USD/T;14721.86;Trading Economics;nickel;LME;OK
2026-03-03;2026-03-03 13:36:09;Eisenerz;Rohstoffe;99.81;USD/T;85.99;Trading Economics;iron-ore;62% Fe, CFR China;OK
2026-03-03;2026-03-03 13:36:09;Kokskohle;Energietraeger;218.5;USD/T;188.24;Trading Economics;coking-coal;Premium Hard;OK
2026-03-03;2026-03-03 13:36:09;Kobalt;Basismetalle;56290.0;USD/T;48493.84;Trading Economics;cobalt;;OK
2026-03-03;2026-03-03 13:36:09;Mangan;Legierungen;32.65;CNY/mtu;;Trading Economics;manganese;Erz, CNY/mtu;OK
2026-03-03;2026-03-03 13:36:09;Silizium;Legierungen;8170.0;CNY/T;;Trading Economics;silicon;CNY/T;OK
2026-03-03;2026-03-03 13:36:09;Stahl HRC;Stahlpreise;3074.0;CNY/T;;Trading Economics;steel;Hot-Rolled Coil, CNY/T;OK
2026-03-03;2026-03-03 13:36:09;Kupfer;Basismetalle;12809.94;USD/MT;11035.76;Yahoo Finance;HG=F;Originalwert: 5.8105 USD/lb;OK
2026-03-03;2026-03-03 13:36:09;Aluminium;Basismetalle;3184.25;USD/MT;2743.23;Yahoo Finance;ALI=F;Originalwert: 3184.2500 USD/MT;OK
2026-03-03;2026-03-03 13:36:09;Zink;Basismetalle;2297.0;USD/MT;1978.87;Yahoo Finance;ZNC=F;Originalwert: 2297.0000 USD/MT;OK
2026-03-03;2026-03-03 13:36:09;Blei;Basismetalle;5053.54;USD/MT;4353.63;Yahoo Finance;LE=F;Originalwert: 229.2250 USX/lb;OK
2026-03-03;2026-03-03 13:36:09;Kurs EUR/USD;Waehrung;1.160766;EUR/USD;;Yahoo Finance;EURUSD=X;;OK
2026-03-03;2026-03-03 13:36:09;Kurs CNY/USD;Waehrung;0.144946;CNY/USD;;Yahoo Finance;CNYUSD=X;;OK
2026-03-03;2026-03-03 13:36:09;Kurs JPY/USD;Waehrung;0.006341;JPY/USD;;Yahoo Finance;JPYUSD=X;;OK
2026-03-03;2026-03-03 14:30:18;Nickel;Basismetalle;17148.38;USD/T;14776.76;Trading Economics;nickel;LME;OK
2026-03-03;2026-03-03 14:30:18;Eisenerz;Rohstoffe;99.81;USD/T;86.01;Trading Economics;iron-ore;62% Fe, CFR China;OK
2026-03-03;2026-03-03 14:30:18;Kokskohle;Energietraeger;218.5;USD/T;188.28;Trading Economics;coking-coal;Premium Hard;OK
2026-03-03;2026-03-03 14:30:18;Kobalt;Basismetalle;56290.0;USD/T;48505.08;Trading Economics;cobalt;;OK
2026-03-03;2026-03-03 14:30:18;Mangan;Legierungen;32.65;CNY/mtu;;Trading Economics;manganese;Erz, CNY/mtu;OK
2026-03-03;2026-03-03 14:30:18;Silizium;Legierungen;8170.0;CNY/T;;Trading Economics;silicon;CNY/T;OK
2026-03-03;2026-03-03 14:30:18;Stahl HRC;Stahlpreise;3074.0;CNY/T;;Trading Economics;steel;Hot-Rolled Coil, CNY/T;OK
2026-03-03;2026-03-03 14:30:18;Kupfer;Basismetalle;12882.7;USD/MT;11101.02;Yahoo Finance;HG=F;Originalwert: 5.8435 USD/lb;OK
2026-03-03;2026-03-03 14:30:18;Aluminium;Basismetalle;3193.25;USD/MT;2751.62;Yahoo Finance;ALI=F;Originalwert: 3193.2500 USD/MT;OK
2026-03-03;2026-03-03 14:30:18;Zink;Basismetalle;2297.0;USD/MT;1979.32;Yahoo Finance;ZNC=F;Originalwert: 2297.0000 USD/MT;OK
2026-03-03;2026-03-03 14:30:18;Blei;Basismetalle;5053.54;USD/MT;4354.63;Yahoo Finance;LE=F;Originalwert: 229.2250 USX/lb;OK
2026-03-03;2026-03-03 14:30:18;Kurs EUR/USD;Waehrung;1.160497;EUR/USD;;Yahoo Finance;EURUSD=X;;OK
2026-03-03;2026-03-03 14:30:18;Kurs CNY/USD;Waehrung;0.144946;CNY/USD;;Yahoo Finance;CNYUSD=X;;OK
2026-03-03;2026-03-03 14:30:18;Kurs JPY/USD;Waehrung;0.00634;JPY/USD;;Yahoo Finance;JPYUSD=X;;OK
2026-03-03;2026-03-03 14:57:57;Nickel;Basismetalle;17191.38;USD/T;14825.84;Trading Economics;nickel;LME;OK
2026-03-03;2026-03-03 14:57:57;Eisenerz;Rohstoffe;99.81;USD/T;86.08;Trading Economics;iron-ore;62% Fe, CFR China;OK
2026-03-03;2026-03-03 14:57:57;Kokskohle;Energietraeger;218.5;USD/T;188.43;Trading Economics;coking-coal;Premium Hard;OK
2026-03-03;2026-03-03 14:57:57;Kobalt;Basismetalle;56290.0;USD/T;48544.48;Trading Economics;cobalt;;OK
2026-03-03;2026-03-03 14:57:57;Mangan;Legierungen;32.65;CNY/mtu;;Trading Economics;manganese;Erz, CNY/mtu;OK
2026-03-03;2026-03-03 14:57:57;Silizium;Legierungen;8170.0;CNY/T;;Trading Economics;silicon;CNY/T;OK
2026-03-03;2026-03-03 14:57:57;Stahl HRC;Stahlpreise;3074.0;CNY/T;;Trading Economics;steel;Hot-Rolled Coil, CNY/T;OK
2026-03-03;2026-03-03 14:57:57;Kupfer;Basismetalle;12857.34;USD/MT;11088.17;Yahoo Finance;HG=F;Originalwert: 5.8320 USD/lb;OK
2026-03-03;2026-03-03 14:57:57;Aluminium;Basismetalle;3202.5;USD/MT;2761.84;Yahoo Finance;ALI=F;Originalwert: 3202.5000 USD/MT;OK
2026-03-03;2026-03-03 14:57:57;Zink;Basismetalle;2297.0;USD/MT;1980.93;Yahoo Finance;ZNC=F;Originalwert: 2297.0000 USD/MT;OK
2026-03-03;2026-03-03 14:57:57;Blei;Basismetalle;5053.54;USD/MT;4358.17;Yahoo Finance;LE=F;Originalwert: 229.2250 USX/lb;OK
2026-03-03;2026-03-03 14:57:57;Kurs EUR/USD;Waehrung;1.159555;EUR/USD;;Yahoo Finance;EURUSD=X;;OK
2026-03-03;2026-03-03 14:57:57;Kurs CNY/USD;Waehrung;0.144946;CNY/USD;;Yahoo Finance;CNYUSD=X;;OK
2026-03-03;2026-03-03 14:57:57;Kurs JPY/USD;Waehrung;0.006337;JPY/USD;;Yahoo Finance;JPYUSD=X;;OK
2026-03-04;2026-03-04 07:43:57;Nickel;Basismetalle;17336.5;USD/T;14909.39;Trading Economics;nickel;LME;OK
2026-03-04;2026-03-04 07:43:57;Eisenerz;Rohstoffe;99.57;USD/T;85.63;Trading Economics;iron-ore;62% Fe, CFR China;OK
2026-03-04;2026-03-04 07:43:57;Kokskohle;Energietraeger;219.75;USD/T;188.98;Trading Economics;coking-coal;Premium Hard;OK
2026-03-04;2026-03-04 07:43:57;Kobalt;Basismetalle;56290.0;USD/T;48409.39;Trading Economics;cobalt;;OK
2026-03-04;2026-03-04 07:43:57;Mangan;Legierungen;32.95;CNY/mtu;;Trading Economics;manganese;Erz, CNY/mtu;OK
2026-03-04;2026-03-04 07:43:57;Silizium;Legierungen;8430.0;CNY/T;;Trading Economics;silicon;CNY/T;OK
2026-03-04;2026-03-04 07:43:57;Stahl HRC;Stahlpreise;3075.0;CNY/T;;Trading Economics;steel;Hot-Rolled Coil, CNY/T;OK
2026-03-04;2026-03-04 07:43:57;Wolfram;Legierungen;76.629;USD/mtu;65.9;Trading Economics;tungsten;APT;OK
2026-03-04;2026-03-04 07:43:57;Kupfer;Basismetalle;13050.25;USD/MT;11223.21;Yahoo Finance;HG=F;Originalwert: 5.9195 USD/lb;OK
2026-03-04;2026-03-04 07:43:57;Aluminium;Basismetalle;3280.5;USD/MT;2821.23;Yahoo Finance;ALI=F;Originalwert: 3280.5000 USD/MT;OK
2026-03-04;2026-03-04 07:43:57;Zink;Basismetalle;2297.0;USD/MT;1975.42;Yahoo Finance;ZNC=F;Originalwert: 2297.0000 USD/MT;OK
2026-03-04;2026-03-04 07:43:57;Blei;Basismetalle;5165.42;USD/MT;4442.26;Yahoo Finance;LE=F;Originalwert: 234.3000 USX/lb;OK
2026-03-04;2026-03-04 07:43:57;Kurs EUR/USD;Waehrung;1.162791;EUR/USD;;Yahoo Finance;EURUSD=X;;OK
2026-03-04;2026-03-04 07:43:57;Kurs CNY/USD;Waehrung;0.144699;CNY/USD;;Yahoo Finance;CNYUSD=X;;OK
2026-03-04;2026-03-04 07:43:57;Kurs JPY/USD;Waehrung;0.006354;JPY/USD;;Yahoo Finance;JPYUSD=X;;OK
2026-03-05;2026-03-05 07:45:48;Nickel;Basismetalle;;;;Trading Economics;nickel;LME;FEHLER
2026-03-05;2026-03-05 07:45:48;Eisenerz;Rohstoffe;;;;Trading Economics;iron-ore;62% Fe, CFR China;FEHLER
2026-03-05;2026-03-05 07:45:48;Kokskohle;Energietraeger;;;;Trading Economics;coking-coal;Premium Hard;FEHLER
2026-03-05;2026-03-05 07:45:48;Kobalt;Basismetalle;;;;Trading Economics;cobalt;;FEHLER
2026-03-05;2026-03-05 07:45:48;Mangan;Legierungen;;;;Trading Economics;manganese;Erz, CNY/mtu;FEHLER
2026-03-05;2026-03-05 07:45:48;Silizium;Legierungen;;;;Trading Economics;silicon;CNY/T;FEHLER
2026-03-05;2026-03-05 07:45:48;Stahl HRC;Stahlpreise;;;;Trading Economics;steel;Hot-Rolled Coil, CNY/T;FEHLER
2026-03-05;2026-03-05 07:45:48;Wolfram;Legierungen;;;;Trading Economics;tungsten;APT;FEHLER
2026-03-05;2026-03-05 07:45:48;Kupfer;Basismetalle;12912.46;USD/MT;11117.63;Yahoo Finance;HG=F;Originalwert: 5.8570 USD/lb;OK
2026-03-05;2026-03-05 07:45:48;Aluminium;Basismetalle;3340.0;USD/MT;2875.74;Yahoo Finance;ALI=F;Originalwert: 3340.0000 USD/MT;OK
2026-03-05;2026-03-05 07:45:48;Zink;Basismetalle;2297.0;USD/MT;1977.72;Yahoo Finance;ZNC=F;Originalwert: 2297.0000 USD/MT;OK
2026-03-05;2026-03-05 07:45:48;Blei;Basismetalle;5258.57;USD/MT;4527.63;Yahoo Finance;LE=F;Originalwert: 238.5250 USX/lb;OK
2026-03-05;2026-03-05 07:45:48;Kurs EUR/USD;Waehrung;1.16144;EUR/USD;;Yahoo Finance;EURUSD=X;;OK
2026-03-05;2026-03-05 07:45:48;Kurs CNY/USD;Waehrung;0.145071;CNY/USD;;Yahoo Finance;CNYUSD=X;;OK
2026-03-05;2026-03-05 07:45:48;Kurs JPY/USD;Waehrung;0.006338;JPY/USD;;Yahoo Finance;JPYUSD=X;;OK
2026-03-06;2026-03-06 07:44:10;Nickel;Basismetalle;17388.0;USD/T;14967.59;Trading Economics;nickel;LME;OK
2026-03-06;2026-03-06 07:44:10;Eisenerz;Rohstoffe;100.89;USD/T;86.85;Trading Economics;iron-ore;62% Fe, CFR China;OK
2026-03-06;2026-03-06 07:44:10;Kokskohle;Energietraeger;220.5;USD/T;189.81;Trading Economics;coking-coal;Premium Hard;OK
2026-03-06;2026-03-06 07:44:10;Kobalt;Basismetalle;56290.0;USD/T;48454.43;Trading Economics;cobalt;;OK
2026-03-06;2026-03-06 07:44:10;Mangan;Legierungen;32.95;CNY/mtu;;Trading Economics;manganese;Erz, CNY/mtu;OK
2026-03-06;2026-03-06 07:44:10;Silizium;Legierungen;8610.0;CNY/T;;Trading Economics;silicon;CNY/T;OK
2026-03-06;2026-03-06 07:44:10;Stahl HRC;Stahlpreise;3083.0;CNY/T;;Trading Economics;steel;Hot-Rolled Coil, CNY/T;OK
2026-03-06;2026-03-06 07:44:10;Wolfram;Legierungen;80.695;USD/mtu;69.46;Trading Economics;tungsten;APT;OK
2026-03-06;2026-03-06 07:44:10;Kupfer;Basismetalle;12908.05;USD/MT;11111.25;Yahoo Finance;HG=F;Originalwert: 5.8550 USD/lb;OK
2026-03-06;2026-03-06 07:44:10;Aluminium;Basismetalle;3249.25;USD/MT;2796.95;Yahoo Finance;ALI=F;Originalwert: 3249.2500 USD/MT;OK
2026-03-06;2026-03-06 07:44:10;Zink;Basismetalle;2297.0;USD/MT;1977.26;Yahoo Finance;ZNC=F;Originalwert: 2297.0000 USD/MT;OK
2026-03-06;2026-03-06 07:44:10;Blei;Basismetalle;5259.67;USD/MT;4527.52;Yahoo Finance;LE=F;Originalwert: 238.5750 USX/lb;OK
2026-03-06;2026-03-06 07:44:10;Kurs EUR/USD;Waehrung;1.16171;EUR/USD;;Yahoo Finance;EURUSD=X;;OK
2026-03-06;2026-03-06 07:44:10;Kurs CNY/USD;Waehrung;0.145014;CNY/USD;;Yahoo Finance;CNYUSD=X;;OK
2026-03-06;2026-03-06 07:44:10;Kurs JPY/USD;Waehrung;0.006345;JPY/USD;;Yahoo Finance;JPYUSD=X;;OK
2026-03-09;2026-03-09 07:47:09;Nickel;Basismetalle;;;;Trading Economics;nickel;LME;FEHLER
2026-03-09;2026-03-09 07:47:09;Eisenerz;Rohstoffe;;;;Trading Economics;iron-ore;62% Fe, CFR China;FEHLER
2026-03-09;2026-03-09 07:47:09;Kokskohle;Energietraeger;;;;Trading Economics;coking-coal;Premium Hard;FEHLER
2026-03-09;2026-03-09 07:47:09;Kobalt;Basismetalle;;;;Trading Economics;cobalt;;FEHLER
2026-03-09;2026-03-09 07:47:09;Mangan;Legierungen;;;;Trading Economics;manganese;Erz, CNY/mtu;FEHLER
2026-03-09;2026-03-09 07:47:09;Silizium;Legierungen;;;;Trading Economics;silicon;CNY/T;FEHLER
2026-03-09;2026-03-09 07:47:09;Stahl HRC;Stahlpreise;;;;Trading Economics;steel;Hot-Rolled Coil, CNY/T;FEHLER
2026-03-09;2026-03-09 07:47:09;Wolfram;Legierungen;;;;Trading Economics;tungsten;APT;FEHLER
2026-03-09;2026-03-09 07:47:09;Kupfer;Basismetalle;12689.79;USD/MT;10975.4;Yahoo Finance;HG=F;Originalwert: 5.7560 USD/lb;OK
2026-03-09;2026-03-09 07:47:09;Aluminium;Basismetalle;3436.75;USD/MT;2972.45;Yahoo Finance;ALI=F;Originalwert: 3436.7500 USD/MT;OK
2026-03-09;2026-03-09 07:47:09;Zink;Basismetalle;2297.0;USD/MT;1986.68;Yahoo Finance;ZNC=F;Originalwert: 2297.0000 USD/MT;OK
2026-03-09;2026-03-09 07:47:09;Blei;Basismetalle;5036.45;USD/MT;4356.03;Yahoo Finance;LE=F;Originalwert: 228.4500 USX/lb;OK
2026-03-09;2026-03-09 07:47:09;Kurs EUR/USD;Waehrung;1.156203;EUR/USD;;Yahoo Finance;EURUSD=X;;OK
2026-03-09;2026-03-09 07:47:09;Kurs CNY/USD;Waehrung;0.144649;CNY/USD;;Yahoo Finance;CNYUSD=X;;OK
2026-03-09;2026-03-09 07:47:09;Kurs JPY/USD;Waehrung;0.006311;JPY/USD;;Yahoo Finance;JPYUSD=X;;OK
2026-03-10;2026-03-10 07:45:15;Nickel;Basismetalle;;;;Trading Economics;nickel;LME;FEHLER
2026-03-10;2026-03-10 07:45:15;Eisenerz;Rohstoffe;;;;Trading Economics;iron-ore;62% Fe, CFR China;FEHLER
2026-03-10;2026-03-10 07:45:15;Kokskohle;Energietraeger;;;;Trading Economics;coking-coal;Premium Hard;FEHLER
2026-03-10;2026-03-10 07:45:15;Kobalt;Basismetalle;;;;Trading Economics;cobalt;;FEHLER
2026-03-10;2026-03-10 07:45:15;Mangan;Legierungen;;;;Trading Economics;manganese;Erz, CNY/mtu;FEHLER
2026-03-10;2026-03-10 07:45:15;Silizium;Legierungen;;;;Trading Economics;silicon;CNY/T;FEHLER
2026-03-10;2026-03-10 07:45:15;Stahl HRC;Stahlpreise;;;;Trading Economics;steel;Hot-Rolled Coil, CNY/T;FEHLER
2026-03-10;2026-03-10 07:45:15;Wolfram;Legierungen;;;;Trading Economics;tungsten;APT;FEHLER
2026-03-10;2026-03-10 07:45:15;Kupfer;Basismetalle;13050.25;USD/MT;11195.81;Yahoo Finance;HG=F;Originalwert: 5.9195 USD/lb;OK
2026-03-10;2026-03-10 07:45:15;Aluminium;Basismetalle;3295.75;USD/MT;2827.42;Yahoo Finance;ALI=F;Originalwert: 3295.7500 USD/MT;OK
2026-03-10;2026-03-10 07:45:15;Zink;Basismetalle;;USD/MT;;Yahoo Finance;ZNC=F;Originalwert: — USD/MT;FEHLER
2026-03-10;2026-03-10 07:45:15;Blei;Basismetalle;5073.38;USD/MT;4352.45;Yahoo Finance;LE=F;Originalwert: 230.1250 USX/lb;OK
2026-03-10;2026-03-10 07:45:15;Kurs EUR/USD;Waehrung;1.165637;EUR/USD;;Yahoo Finance;EURUSD=X;;OK
2026-03-10;2026-03-10 07:45:15;Kurs CNY/USD;Waehrung;0.145476;CNY/USD;;Yahoo Finance;CNYUSD=X;;OK
2026-03-10;2026-03-10 07:45:15;Kurs JPY/USD;Waehrung;0.006356;JPY/USD;;Yahoo Finance;JPYUSD=X;;OK
2026-03-11;2026-03-11 07:45:43;Nickel;Basismetalle;;;;Trading Economics;nickel;LME;FEHLER
2026-03-11;2026-03-11 07:45:43;Eisenerz;Rohstoffe;;;;Trading Economics;iron-ore;62% Fe, CFR China;FEHLER
2026-03-11;2026-03-11 07:45:43;Kokskohle;Energietraeger;;;;Trading Economics;coking-coal;Premium Hard;FEHLER
2026-03-11;2026-03-11 07:45:43;Kobalt;Basismetalle;;;;Trading Economics;cobalt;;FEHLER
2026-03-11;2026-03-11 07:45:43;Mangan;Legierungen;;;;Trading Economics;manganese;Erz, CNY/mtu;FEHLER
2026-03-11;2026-03-11 07:45:43;Silizium;Legierungen;;;;Trading Economics;silicon;CNY/T;FEHLER
2026-03-11;2026-03-11 07:45:43;Stahl HRC;Stahlpreise;;;;Trading Economics;steel;Hot-Rolled Coil, CNY/T;FEHLER
2026-03-11;2026-03-11 07:45:43;Wolfram;Legierungen;;;;Trading Economics;tungsten;APT;FEHLER
2026-03-11;2026-03-11 07:45:43;Kupfer;Basismetalle;12988.52;USD/MT;11177.92;Yahoo Finance;HG=F;Originalwert: 5.8915 USD/lb;OK
2026-03-11;2026-03-11 07:45:43;Aluminium;Basismetalle;3368.0;USD/MT;2898.5;Yahoo Finance;ALI=F;Originalwert: 3368.0000 USD/MT;OK
2026-03-11;2026-03-11 07:45:43;Zink;Basismetalle;2297.0;USD/MT;1976.8;Yahoo Finance;ZNC=F;Originalwert: 2297.0000 USD/MT;OK
2026-03-11;2026-03-11 07:45:43;Blei;Basismetalle;5013.86;USD/MT;4314.93;Yahoo Finance;LE=F;Originalwert: 227.4250 USX/lb;OK
2026-03-11;2026-03-11 07:45:43;Kurs EUR/USD;Waehrung;1.16198;EUR/USD;;Yahoo Finance;EURUSD=X;;OK
2026-03-11;2026-03-11 07:45:43;Kurs CNY/USD;Waehrung;0.145637;CNY/USD;;Yahoo Finance;CNYUSD=X;;OK
2026-03-11;2026-03-11 07:45:43;Kurs JPY/USD;Waehrung;0.006319;JPY/USD;;Yahoo Finance;JPYUSD=X;;OK
2026-03-12;2026-03-12 07:46:22;Nickel;Basismetalle;;;;Trading Economics;nickel;LME;FEHLER
2026-03-12;2026-03-12 07:46:22;Eisenerz;Rohstoffe;;;;Trading Economics;iron-ore;62% Fe, CFR China;FEHLER
2026-03-12;2026-03-12 07:46:22;Kokskohle;Energietraeger;;;;Trading Economics;coking-coal;Premium Hard;FEHLER
2026-03-12;2026-03-12 07:46:22;Kobalt;Basismetalle;;;;Trading Economics;cobalt;;FEHLER
2026-03-12;2026-03-12 07:46:22;Mangan;Legierungen;;;;Trading Economics;manganese;Erz, CNY/mtu;FEHLER
2026-03-12;2026-03-12 07:46:22;Silizium;Legierungen;;;;Trading Economics;silicon;CNY/T;FEHLER
2026-03-12;2026-03-12 07:46:22;Stahl HRC;Stahlpreise;;;;Trading Economics;steel;Hot-Rolled Coil, CNY/T;FEHLER
2026-03-12;2026-03-12 07:46:22;Wolfram;Legierungen;;;;Trading Economics;tungsten;APT;FEHLER
2026-03-12;2026-03-12 07:46:22;Kupfer;Basismetalle;12942.22;USD/MT;11204.08;Yahoo Finance;HG=F;Originalwert: 5.8705 USD/lb;OK
2026-03-12;2026-03-12 07:46:22;Aluminium;Basismetalle;3455.5;USD/MT;2991.43;Yahoo Finance;ALI=F;Originalwert: 3455.5000 USD/MT;OK
2026-03-12;2026-03-12 07:46:22;Zink;Basismetalle;2297.0;USD/MT;1988.51;Yahoo Finance;ZNC=F;Originalwert: 2297.0000 USD/MT;OK
2026-03-12;2026-03-12 07:46:22;Blei;Basismetalle;5073.93;USD/MT;4392.5;Yahoo Finance;LE=F;Originalwert: 230.1500 USX/lb;OK
2026-03-12;2026-03-12 07:46:22;Kurs EUR/USD;Waehrung;1.155135;EUR/USD;;Yahoo Finance;EURUSD=X;;OK
2026-03-12;2026-03-12 07:46:22;Kurs CNY/USD;Waehrung;0.145438;CNY/USD;;Yahoo Finance;CNYUSD=X;;OK
2026-03-12;2026-03-12 07:46:22;Kurs JPY/USD;Waehrung;0.006294;JPY/USD;;Yahoo Finance;JPYUSD=X;;OK
2026-03-13;2026-03-13 07:46:40;Nickel;Basismetalle;;;;Trading Economics;nickel;LME;FEHLER
2026-03-13;2026-03-13 07:46:40;Eisenerz;Rohstoffe;;;;Trading Economics;iron-ore;62% Fe, CFR China;FEHLER
2026-03-13;2026-03-13 07:46:40;Kokskohle;Energietraeger;;;;Trading Economics;coking-coal;Premium Hard;FEHLER
2026-03-13;2026-03-13 07:46:40;Kobalt;Basismetalle;;;;Trading Economics;cobalt;;FEHLER
2026-03-13;2026-03-13 07:46:40;Mangan;Legierungen;;;;Trading Economics;manganese;Erz, CNY/mtu;FEHLER
2026-03-13;2026-03-13 07:46:40;Silizium;Legierungen;;;;Trading Economics;silicon;CNY/T;FEHLER
2026-03-13;2026-03-13 07:46:40;Stahl HRC;Stahlpreise;;;;Trading Economics;steel;Hot-Rolled Coil, CNY/T;FEHLER
2026-03-13;2026-03-13 07:46:40;Wolfram;Legierungen;;;;Trading Economics;tungsten;APT;FEHLER
2026-03-13;2026-03-13 07:46:40;Kupfer;Basismetalle;12791.21;USD/MT;11150.09;Yahoo Finance;HG=F;Originalwert: 5.8020 USD/lb;OK
2026-03-13;2026-03-13 07:46:40;Aluminium;Basismetalle;3473.0;USD/MT;3027.41;Yahoo Finance;ALI=F;Originalwert: 3473.0000 USD/MT;OK
2026-03-13;2026-03-13 07:46:40;Zink;Basismetalle;2297.0;USD/MT;2002.29;Yahoo Finance;ZNC=F;Originalwert: 2297.0000 USD/MT;OK
2026-03-13;2026-03-13 07:46:40;Blei;Basismetalle;5098.18;USD/MT;4444.08;Yahoo Finance;LE=F;Originalwert: 231.2500 USX/lb;OK
2026-03-13;2026-03-13 07:46:40;Kurs EUR/USD;Waehrung;1.147184;EUR/USD;;Yahoo Finance;EURUSD=X;;OK
2026-03-13;2026-03-13 07:46:40;Kurs CNY/USD;Waehrung;0.145045;CNY/USD;;Yahoo Finance;CNYUSD=X;;OK
2026-03-13;2026-03-13 07:46:40;Kurs JPY/USD;Waehrung;0.006273;JPY/USD;;Yahoo Finance;JPYUSD=X;;OK
2026-03-16;2026-03-16 07:56:34;Nickel;Basismetalle;;;;Trading Economics;nickel;LME;FEHLER
2026-03-16;2026-03-16 07:56:34;Eisenerz;Rohstoffe;;;;Trading Economics;iron-ore;62% Fe, CFR China;FEHLER
2026-03-16;2026-03-16 07:56:34;Kokskohle;Energietraeger;;;;Trading Economics;coking-coal;Premium Hard;FEHLER
2026-03-16;2026-03-16 07:56:34;Kobalt;Basismetalle;;;;Trading Economics;cobalt;;FEHLER
2026-03-16;2026-03-16 07:56:34;Mangan;Legierungen;;;;Trading Economics;manganese;Erz, CNY/mtu;FEHLER
2026-03-16;2026-03-16 07:56:34;Silizium;Legierungen;;;;Trading Economics;silicon;CNY/T;FEHLER
2026-03-16;2026-03-16 07:56:34;Stahl HRC;Stahlpreise;;;;Trading Economics;steel;Hot-Rolled Coil, CNY/T;FEHLER
2026-03-16;2026-03-16 07:56:34;Wolfram;Legierungen;;;;Trading Economics;tungsten;APT;FEHLER
2026-03-16;2026-03-16 07:56:34;Kupfer;Basismetalle;12647.9;USD/MT;11068.17;Yahoo Finance;HG=F;Originalwert: 5.7370 USD/lb;OK
2026-03-16;2026-03-16 07:56:34;Aluminium;Basismetalle;3433.5;USD/MT;3004.65;Yahoo Finance;ALI=F;Originalwert: 3433.5000 USD/MT;OK
2026-03-16;2026-03-16 07:56:34;Zink;Basismetalle;2297.0;USD/MT;2010.1;Yahoo Finance;ZNC=F;Originalwert: 2297.0000 USD/MT;OK
2026-03-16;2026-03-16 07:56:34;Blei;Basismetalle;5090.47;USD/MT;4454.67;Yahoo Finance;LE=F;Originalwert: 230.9000 USX/lb;OK
2026-03-16;2026-03-16 07:56:34;Kurs EUR/USD;Waehrung;1.142727;EUR/USD;;Yahoo Finance;EURUSD=X;;OK
2026-03-16;2026-03-16 07:56:34;Kurs CNY/USD;Waehrung;0.144894;CNY/USD;;Yahoo Finance;CNYUSD=X;;OK
2026-03-16;2026-03-16 07:56:34;Kurs JPY/USD;Waehrung;0.006278;JPY/USD;;Yahoo Finance;JPYUSD=X;;OK
2026-03-17;2026-03-17 07:48:21;Nickel;Basismetalle;;;;Trading Economics;nickel;LME;FEHLER
2026-03-17;2026-03-17 07:48:21;Eisenerz;Rohstoffe;;;;Trading Economics;iron-ore;62% Fe, CFR China;FEHLER
2026-03-17;2026-03-17 07:48:21;Kokskohle;Energietraeger;;;;Trading Economics;coking-coal;Premium Hard;FEHLER
2026-03-17;2026-03-17 07:48:21;Kobalt;Basismetalle;;;;Trading Economics;cobalt;;FEHLER
2026-03-17;2026-03-17 07:48:21;Mangan;Legierungen;;;;Trading Economics;manganese;Erz, CNY/mtu;FEHLER
2026-03-17;2026-03-17 07:48:21;Silizium;Legierungen;;;;Trading Economics;silicon;CNY/T;FEHLER
2026-03-17;2026-03-17 07:48:21;Stahl HRC;Stahlpreise;;;;Trading Economics;steel;Hot-Rolled Coil, CNY/T;FEHLER
2026-03-17;2026-03-17 07:48:21;Wolfram;Legierungen;;;;Trading Economics;tungsten;APT;FEHLER
2026-03-17;2026-03-17 07:48:21;Kupfer;Basismetalle;12765.85;USD/MT;11101.18;Yahoo Finance;HG=F;Originalwert: 5.7905 USD/lb;OK
2026-03-17;2026-03-17 07:48:21;Aluminium;Basismetalle;3363.25;USD/MT;2924.68;Yahoo Finance;ALI=F;Originalwert: 3363.2500 USD/MT;OK
2026-03-17;2026-03-17 07:48:21;Zink;Basismetalle;2297.0;USD/MT;1997.47;Yahoo Finance;ZNC=F;Originalwert: 2297.0000 USD/MT;OK
2026-03-17;2026-03-17 07:48:21;Blei;Basismetalle;5142.28;USD/MT;4471.73;Yahoo Finance;LE=F;Originalwert: 233.2500 USX/lb;OK
2026-03-17;2026-03-17 07:48:21;Kurs EUR/USD;Waehrung;1.149954;EUR/USD;;Yahoo Finance;EURUSD=X;;OK
2026-03-17;2026-03-17 07:48:21;Kurs CNY/USD;Waehrung;0.145216;CNY/USD;;Yahoo Finance;CNYUSD=X;;OK
2026-03-17;2026-03-17 07:48:21;Kurs JPY/USD;Waehrung;0.00628;JPY/USD;;Yahoo Finance;JPYUSD=X;;OK
2026-03-18;2026-03-18 07:47:42;Nickel;Basismetalle;;;;Trading Economics;nickel;LME;FEHLER
2026-03-18;2026-03-18 07:47:42;Eisenerz;Rohstoffe;;;;Trading Economics;iron-ore;62% Fe, CFR China;FEHLER
2026-03-18;2026-03-18 07:47:42;Kokskohle;Energietraeger;;;;Trading Economics;coking-coal;Premium Hard;FEHLER
2026-03-18;2026-03-18 07:47:42;Kobalt;Basismetalle;;;;Trading Economics;cobalt;;FEHLER
2026-03-18;2026-03-18 07:47:42;Mangan;Legierungen;;;;Trading Economics;manganese;Erz, CNY/mtu;FEHLER
2026-03-18;2026-03-18 07:47:42;Silizium;Legierungen;;;;Trading Economics;silicon;CNY/T;FEHLER
2026-03-18;2026-03-18 07:47:42;Stahl HRC;Stahlpreise;;;;Trading Economics;steel;Hot-Rolled Coil, CNY/T;FEHLER
2026-03-18;2026-03-18 07:47:42;Wolfram;Legierungen;;;;Trading Economics;tungsten;APT;FEHLER
2026-03-18;2026-03-18 07:47:42;Kupfer;Basismetalle;12614.84;USD/MT;10942.11;Yahoo Finance;HG=F;Originalwert: 5.7220 USD/lb;OK
2026-03-18;2026-03-18 07:47:42;Aluminium;Basismetalle;3282.0;USD/MT;2846.81;Yahoo Finance;ALI=F;Originalwert: 3282.0000 USD/MT;OK
2026-03-18;2026-03-18 07:47:42;Zink;Basismetalle;2297.0;USD/MT;1992.42;Yahoo Finance;ZNC=F;Originalwert: 2297.0000 USD/MT;OK
2026-03-18;2026-03-18 07:47:42;Blei;Basismetalle;5185.82;USD/MT;4498.18;Yahoo Finance;LE=F;Originalwert: 235.2250 USX/lb;OK
2026-03-18;2026-03-18 07:47:42;Kurs EUR/USD;Waehrung;1.152871;EUR/USD;;Yahoo Finance;EURUSD=X;;OK
2026-03-18;2026-03-18 07:47:42;Kurs CNY/USD;Waehrung;0.145433;CNY/USD;;Yahoo Finance;CNYUSD=X;;OK
2026-03-18;2026-03-18 07:47:42;Kurs JPY/USD;Waehrung;0.006297;JPY/USD;;Yahoo Finance;JPYUSD=X;;OK
2026-03-19;2026-03-19 07:46:28;Nickel;Basismetalle;16649.5;USD/T;14526.69;Trading Economics;nickel;LME;OK
2026-03-19;2026-03-19 07:46:28;Eisenerz;Rohstoffe;105.54;USD/T;92.08;Trading Economics;iron-ore;62% Fe, CFR China;OK
2026-03-19;2026-03-19 07:46:28;Kokskohle;Energietraeger;221.0;USD/T;192.82;Trading Economics;coking-coal;Premium Hard;OK
2026-03-19;2026-03-19 07:46:28;Kobalt;Basismetalle;56290.0;USD/T;49113.02;Trading Economics;cobalt;;OK
2026-03-19;2026-03-19 07:46:28;Mangan;Legierungen;33.95;CNY/mtu;;Trading Economics;manganese;Erz, CNY/mtu;OK
2026-03-19;2026-03-19 07:46:28;Silizium;Legierungen;8230.0;CNY/T;;Trading Economics;silicon;CNY/T;OK
2026-03-19;2026-03-19 07:46:28;Stahl HRC;Stahlpreise;3130.0;CNY/T;;Trading Economics;steel;Hot-Rolled Coil, CNY/T;OK
2026-03-19;2026-03-19 07:46:28;Wolfram;Legierungen;97.332;USD/mtu;84.92;Trading Economics;tungsten;APT;OK
2026-03-19;2026-03-19 07:46:28;Kupfer;Basismetalle;12066.99;USD/MT;10528.45;Yahoo Finance;HG=F;Originalwert: 5.4735 USD/lb;OK
2026-03-19;2026-03-19 07:46:28;Aluminium;Basismetalle;3264.25;USD/MT;2848.06;Yahoo Finance;ALI=F;Originalwert: 3264.2500 USD/MT;OK
2026-03-19;2026-03-19 07:46:28;Zink;Basismetalle;2297.0;USD/MT;2004.13;Yahoo Finance;ZNC=F;Originalwert: 2297.0000 USD/MT;OK
2026-03-19;2026-03-19 07:46:28;Blei;Basismetalle;5189.68;USD/MT;4528.0;Yahoo Finance;LE=F;Originalwert: 235.4000 USX/lb;OK
2026-03-19;2026-03-19 07:46:28;Kurs EUR/USD;Waehrung;1.146132;EUR/USD;;Yahoo Finance;EURUSD=X;;OK
2026-03-19;2026-03-19 07:46:28;Kurs CNY/USD;Waehrung;0.14489;CNY/USD;;Yahoo Finance;CNYUSD=X;;OK
2026-03-19;2026-03-19 07:46:28;Kurs JPY/USD;Waehrung;0.006294;JPY/USD;;Yahoo Finance;JPYUSD=X;;OK
2026-03-20;2026-03-20 07:46:08;Nickel;Basismetalle;;;;Trading Economics;nickel;LME;FEHLER
2026-03-20;2026-03-20 07:46:08;Eisenerz;Rohstoffe;;;;Trading Economics;iron-ore;62% Fe, CFR China;FEHLER
2026-03-20;2026-03-20 07:46:08;Kokskohle;Energietraeger;;;;Trading Economics;coking-coal;Premium Hard;FEHLER
2026-03-20;2026-03-20 07:46:08;Kobalt;Basismetalle;;;;Trading Economics;cobalt;;FEHLER
2026-03-20;2026-03-20 07:46:08;Mangan;Legierungen;;;;Trading Economics;manganese;Erz, CNY/mtu;FEHLER
2026-03-20;2026-03-20 07:46:08;Silizium;Legierungen;;;;Trading Economics;silicon;CNY/T;FEHLER
2026-03-20;2026-03-20 07:46:08;Stahl HRC;Stahlpreise;;;;Trading Economics;steel;Hot-Rolled Coil, CNY/T;FEHLER
2026-03-20;2026-03-20 07:46:08;Wolfram;Legierungen;;;;Trading Economics;tungsten;APT;FEHLER
2026-03-20;2026-03-20 07:46:08;Kupfer;Basismetalle;12150.76;USD/MT;10497.05;Yahoo Finance;HG=F;Originalwert: 5.5115 USD/lb;OK
2026-03-20;2026-03-20 07:46:08;Aluminium;Basismetalle;3174.0;USD/MT;2742.02;Yahoo Finance;ALI=F;Originalwert: 3174.0000 USD/MT;OK
2026-03-20;2026-03-20 07:46:08;Zink;Basismetalle;2297.0;USD/MT;1984.38;Yahoo Finance;ZNC=F;Originalwert: 2297.0000 USD/MT;OK
2026-03-20;2026-03-20 07:46:08;Blei;Basismetalle;5142.83;USD/MT;4442.89;Yahoo Finance;LE=F;Originalwert: 233.2750 USX/lb;OK
2026-03-20;2026-03-20 07:46:08;Kurs EUR/USD;Waehrung;1.157541;EUR/USD;;Yahoo Finance;EURUSD=X;;OK
2026-03-20;2026-03-20 07:46:08;Kurs CNY/USD;Waehrung;0.145271;CNY/USD;;Yahoo Finance;CNYUSD=X;;OK
2026-03-20;2026-03-20 07:46:08;Kurs JPY/USD;Waehrung;0.006258;JPY/USD;;Yahoo Finance;JPYUSD=X;;OK
2026-03-23;2026-03-23 07:50:58;Nickel;Basismetalle;;;;Trading Economics;nickel;LME;FEHLER
2026-03-23;2026-03-23 07:50:58;Eisenerz;Rohstoffe;;;;Trading Economics;iron-ore;62% Fe, CFR China;FEHLER
2026-03-23;2026-03-23 07:50:58;Kokskohle;Energietraeger;;;;Trading Economics;coking-coal;Premium Hard;FEHLER
2026-03-23;2026-03-23 07:50:58;Kobalt;Basismetalle;;;;Trading Economics;cobalt;;FEHLER
2026-03-23;2026-03-23 07:50:58;Mangan;Legierungen;;;;Trading Economics;manganese;Erz, CNY/mtu;FEHLER
2026-03-23;2026-03-23 07:50:58;Silizium;Legierungen;;;;Trading Economics;silicon;CNY/T;FEHLER
2026-03-23;2026-03-23 07:50:58;Stahl HRC;Stahlpreise;;;;Trading Economics;steel;Hot-Rolled Coil, CNY/T;FEHLER
2026-03-23;2026-03-23 07:50:58;Wolfram;Legierungen;;;;Trading Economics;tungsten;APT;FEHLER
2026-03-23;2026-03-23 07:50:58;Kupfer;Basismetalle;11613.94;USD/MT;10064.64;Yahoo Finance;HG=F;Originalwert: 5.2680 USD/lb;OK
2026-03-23;2026-03-23 07:50:58;Aluminium;Basismetalle;3078.0;USD/MT;2667.39;Yahoo Finance;ALI=F;Originalwert: 3078.0000 USD/MT;OK
2026-03-23;2026-03-23 07:50:58;Zink;Basismetalle;2297.0;USD/MT;1990.58;Yahoo Finance;ZNC=F;Originalwert: 2297.0000 USD/MT;OK
2026-03-23;2026-03-23 07:50:58;Blei;Basismetalle;5159.91;USD/MT;4471.58;Yahoo Finance;LE=F;Originalwert: 234.0500 USX/lb;OK
2026-03-23;2026-03-23 07:50:58;Kurs EUR/USD;Waehrung;1.153935;EUR/USD;;Yahoo Finance;EURUSD=X;;OK
2026-03-23;2026-03-23 07:50:58;Kurs CNY/USD;Waehrung;0.144835;CNY/USD;;Yahoo Finance;CNYUSD=X;;OK
2026-03-23;2026-03-23 07:50:58;Kurs JPY/USD;Waehrung;0.006269;JPY/USD;;Yahoo Finance;JPYUSD=X;;OK
2026-03-24;2026-03-24 07:47:58;Nickel;Basismetalle;;;;Trading Economics;nickel;LME;FEHLER
2026-03-24;2026-03-24 07:47:58;Eisenerz;Rohstoffe;;;;Trading Economics;iron-ore;62% Fe, CFR China;FEHLER
2026-03-24;2026-03-24 07:47:58;Kokskohle;Energietraeger;;;;Trading Economics;coking-coal;Premium Hard;FEHLER
2026-03-24;2026-03-24 07:47:58;Kobalt;Basismetalle;;;;Trading Economics;cobalt;;FEHLER
2026-03-24;2026-03-24 07:47:58;Mangan;Legierungen;;;;Trading Economics;manganese;Erz, CNY/mtu;FEHLER
2026-03-24;2026-03-24 07:47:58;Silizium;Legierungen;;;;Trading Economics;silicon;CNY/T;FEHLER
2026-03-24;2026-03-24 07:47:58;Stahl HRC;Stahlpreise;;;;Trading Economics;steel;Hot-Rolled Coil, CNY/T;FEHLER
2026-03-24;2026-03-24 07:47:58;Wolfram;Legierungen;;;;Trading Economics;tungsten;APT;FEHLER
2026-03-24;2026-03-24 07:47:58;Kupfer;Basismetalle;11926.99;USD/MT;10277.48;Yahoo Finance;HG=F;Originalwert: 5.4100 USD/lb;OK
2026-03-24;2026-03-24 07:47:58;Aluminium;Basismetalle;3110.75;USD/MT;2680.53;Yahoo Finance;ALI=F;Originalwert: 3110.7500 USD/MT;OK
2026-03-24;2026-03-24 07:47:58;Zink;Basismetalle;2297.0;USD/MT;1979.32;Yahoo Finance;ZNC=F;Originalwert: 2297.0000 USD/MT;OK
2026-03-24;2026-03-24 07:47:58;Blei;Basismetalle;5187.47;USD/MT;4470.04;Yahoo Finance;LE=F;Originalwert: 235.3000 USX/lb;OK
2026-03-24;2026-03-24 07:47:58;Kurs EUR/USD;Waehrung;1.160497;EUR/USD;;Yahoo Finance;EURUSD=X;;OK
2026-03-24;2026-03-24 07:47:58;Kurs CNY/USD;Waehrung;0.145277;CNY/USD;;Yahoo Finance;CNYUSD=X;;OK
2026-03-24;2026-03-24 07:47:58;Kurs JPY/USD;Waehrung;0.006306;JPY/USD;;Yahoo Finance;JPYUSD=X;;OK
2026-03-25;2026-03-25 07:47:44;Nickel;Basismetalle;;;;Trading Economics;nickel;LME;FEHLER
2026-03-25;2026-03-25 07:47:44;Eisenerz;Rohstoffe;;;;Trading Economics;iron-ore;62% Fe, CFR China;FEHLER
2026-03-25;2026-03-25 07:47:44;Kokskohle;Energietraeger;;;;Trading Economics;coking-coal;Premium Hard;FEHLER
2026-03-25;2026-03-25 07:47:44;Kobalt;Basismetalle;;;;Trading Economics;cobalt;;FEHLER
2026-03-25;2026-03-25 07:47:44;Mangan;Legierungen;;;;Trading Economics;manganese;Erz, CNY/mtu;FEHLER
2026-03-25;2026-03-25 07:47:44;Silizium;Legierungen;;;;Trading Economics;silicon;CNY/T;FEHLER
2026-03-25;2026-03-25 07:47:44;Stahl HRC;Stahlpreise;;;;Trading Economics;steel;Hot-Rolled Coil, CNY/T;FEHLER
2026-03-25;2026-03-25 07:47:44;Wolfram;Legierungen;;;;Trading Economics;tungsten;APT;FEHLER
2026-03-25;2026-03-25 07:47:44;Kupfer;Basismetalle;12148.56;USD/MT;10472.06;Yahoo Finance;HG=F;Originalwert: 5.5105 USD/lb;OK
2026-03-25;2026-03-25 07:47:44;Aluminium;Basismetalle;3150.0;USD/MT;2715.3;Yahoo Finance;ALI=F;Originalwert: 3150.0000 USD/MT;OK
2026-03-25;2026-03-25 07:47:44;Zink;Basismetalle;2297.0;USD/MT;1980.01;Yahoo Finance;ZNC=F;Originalwert: 2297.0000 USD/MT;OK
2026-03-25;2026-03-25 07:47:44;Blei;Basismetalle;5189.12;USD/MT;4473.02;Yahoo Finance;LE=F;Originalwert: 235.3750 USX/lb;OK
2026-03-25;2026-03-25 07:47:44;Kurs EUR/USD;Waehrung;1.160093;EUR/USD;;Yahoo Finance;EURUSD=X;;OK
2026-03-25;2026-03-25 07:47:44;Kurs CNY/USD;Waehrung;0.144986;CNY/USD;;Yahoo Finance;CNYUSD=X;;OK
2026-03-25;2026-03-25 07:47:44;Kurs JPY/USD;Waehrung;0.006286;JPY/USD;;Yahoo Finance;JPYUSD=X;;OK
2026-03-26;2026-03-26 07:49:59;Nickel;Basismetalle;17226.5;USD/T;14904.37;Trading Economics;nickel;LME;OK
2026-03-26;2026-03-26 07:49:59;Eisenerz;Rohstoffe;106.02;USD/T;91.73;Trading Economics;iron-ore;62% Fe, CFR China;OK
2026-03-26;2026-03-26 07:49:59;Kokskohle;Energietraeger;222.5;USD/T;192.51;Trading Economics;coking-coal;Premium Hard;OK
2026-03-26;2026-03-26 07:49:59;Kobalt;Basismetalle;56290.0;USD/T;48702.11;Trading Economics;cobalt;;OK
2026-03-26;2026-03-26 07:49:59;Mangan;Legierungen;35.95;CNY/mtu;;Trading Economics;manganese;Erz, CNY/mtu;OK
2026-03-26;2026-03-26 07:49:59;Silizium;Legierungen;8695.0;CNY/T;;Trading Economics;silicon;CNY/T;OK
2026-03-26;2026-03-26 07:49:59;Stahl HRC;Stahlpreise;3128.0;CNY/T;;Trading Economics;steel;Hot-Rolled Coil, CNY/T;OK
2026-03-26;2026-03-26 07:49:59;Wolfram;Legierungen;92.897;USD/mtu;80.37;Trading Economics;tungsten;APT;OK
2026-03-26;2026-03-26 07:49:59;Kupfer;Basismetalle;12127.61;USD/MT;10492.81;Yahoo Finance;HG=F;Originalwert: 5.5010 USD/lb;OK
2026-03-26;2026-03-26 07:49:59;Aluminium;Basismetalle;3117.75;USD/MT;2697.48;Yahoo Finance;ALI=F;Originalwert: 3117.7500 USD/MT;OK
2026-03-26;2026-03-26 07:49:59;Zink;Basismetalle;2297.0;USD/MT;1987.36;Yahoo Finance;ZNC=F;Originalwert: 2297.0000 USD/MT;OK
2026-03-26;2026-03-26 07:49:59;Blei;Basismetalle;5168.18;USD/MT;4471.51;Yahoo Finance;LE=F;Originalwert: 234.4250 USX/lb;OK
2026-03-26;2026-03-26 07:49:59;Kurs EUR/USD;Waehrung;1.155802;EUR/USD;;Yahoo Finance;EURUSD=X;;OK
2026-03-26;2026-03-26 07:49:59;Kurs CNY/USD;Waehrung;0.144848;CNY/USD;;Yahoo Finance;CNYUSD=X;;OK
2026-03-26;2026-03-26 07:49:59;Kurs JPY/USD;Waehrung;0.006272;JPY/USD;;Yahoo Finance;JPYUSD=X;;OK
2026-03-27;2026-03-27 07:49:22;Nickel;Basismetalle;17279.75;USD/T;14988.45;Trading Economics;nickel;LME;OK
2026-03-27;2026-03-27 07:49:22;Eisenerz;Rohstoffe;106.14;USD/T;92.07;Trading Economics;iron-ore;62% Fe, CFR China;OK
2026-03-27;2026-03-27 07:49:22;Kokskohle;Energietraeger;223.5;USD/T;193.86;Trading Economics;coking-coal;Premium Hard;OK
2026-03-27;2026-03-27 07:49:22;Kobalt;Basismetalle;56290.0;USD/T;48825.93;Trading Economics;cobalt;;OK
2026-03-27;2026-03-27 07:49:22;Mangan;Legierungen;36.95;CNY/mtu;;Trading Economics;manganese;Erz, CNY/mtu;OK
2026-03-27;2026-03-27 07:49:22;Silizium;Legierungen;8560.0;CNY/T;;Trading Economics;silicon;CNY/T;OK
2026-03-27;2026-03-27 07:49:22;Stahl HRC;Stahlpreise;3121.0;CNY/T;;Trading Economics;steel;Hot-Rolled Coil, CNY/T;OK
2026-03-27;2026-03-27 07:49:22;Wolfram;Legierungen;95.124;USD/mtu;82.51;Trading Economics;tungsten;APT;OK
2026-03-27;2026-03-27 07:49:22;Kupfer;Basismetalle;12170.61;USD/MT;10556.78;Yahoo Finance;HG=F;Originalwert: 5.5205 USD/lb;OK
2026-03-27;2026-03-27 07:49:22;Aluminium;Basismetalle;3180.5;USD/MT;2758.76;Yahoo Finance;ALI=F;Originalwert: 3180.5000 USD/MT;OK
2026-03-27;2026-03-27 07:49:22;Zink;Basismetalle;2297.0;USD/MT;1992.42;Yahoo Finance;ZNC=F;Originalwert: 2297.0000 USD/MT;OK
2026-03-27;2026-03-27 07:49:22;Blei;Basismetalle;5183.06;USD/MT;4495.78;Yahoo Finance;LE=F;Originalwert: 235.1000 USX/lb;OK
2026-03-27;2026-03-27 07:49:22;Kurs EUR/USD;Waehrung;1.152871;EUR/USD;;Yahoo Finance;EURUSD=X;;OK
2026-03-27;2026-03-27 07:49:22;Kurs CNY/USD;Waehrung;0.144709;CNY/USD;;Yahoo Finance;CNYUSD=X;;OK
2026-03-27;2026-03-27 07:49:22;Kurs JPY/USD;Waehrung;0.006253;JPY/USD;;Yahoo Finance;JPYUSD=X;;OK
2026-03-30;2026-03-30 08:04:38;Nickel;Basismetalle;;;;Trading Economics;nickel;LME;FEHLER
2026-03-30;2026-03-30 08:04:38;Eisenerz;Rohstoffe;;;;Trading Economics;iron-ore;62% Fe, CFR China;FEHLER
2026-03-30;2026-03-30 08:04:38;Kokskohle;Energietraeger;;;;Trading Economics;coking-coal;Premium Hard;FEHLER
2026-03-30;2026-03-30 08:04:38;Kobalt;Basismetalle;;;;Trading Economics;cobalt;;FEHLER
2026-03-30;2026-03-30 08:04:38;Mangan;Legierungen;;;;Trading Economics;manganese;Erz, CNY/mtu;FEHLER
2026-03-30;2026-03-30 08:04:38;Silizium;Legierungen;;;;Trading Economics;silicon;CNY/T;FEHLER
2026-03-30;2026-03-30 08:04:38;Stahl HRC;Stahlpreise;;;;Trading Economics;steel;Hot-Rolled Coil, CNY/T;FEHLER
2026-03-30;2026-03-30 08:04:38;Wolfram;Legierungen;;;;Trading Economics;tungsten;APT;FEHLER
2026-03-30;2026-03-30 08:04:38;Kupfer;Basismetalle;12169.5;USD/MT;10583.81;Yahoo Finance;HG=F;Originalwert: 5.5200 USD/lb;OK
2026-03-30;2026-03-30 08:04:38;Aluminium;Basismetalle;3327.5;USD/MT;2893.93;Yahoo Finance;ALI=F;Originalwert: 3327.5000 USD/MT;OK
2026-03-30;2026-03-30 08:04:38;Zink;Basismetalle;2297.0;USD/MT;1997.7;Yahoo Finance;ZNC=F;Originalwert: 2297.0000 USD/MT;OK
2026-03-30;2026-03-30 08:04:38;Blei;Basismetalle;5258.02;USD/MT;4572.9;Yahoo Finance;LE=F;Originalwert: 238.5000 USX/lb;OK
2026-03-30;2026-03-30 08:04:38;Kurs EUR/USD;Waehrung;1.149822;EUR/USD;;Yahoo Finance;EURUSD=X;;OK
2026-03-30;2026-03-30 08:04:38;Kurs CNY/USD;Waehrung;0.144688;CNY/USD;;Yahoo Finance;CNYUSD=X;;OK
2026-03-30;2026-03-30 08:04:38;Kurs JPY/USD;Waehrung;0.00626;JPY/USD;;Yahoo Finance;JPYUSD=X;;OK
2026-03-31;2026-03-31 07:54:32;Nickel;Basismetalle;;;;Trading Economics;nickel;LME;FEHLER
2026-03-31;2026-03-31 07:54:32;Eisenerz;Rohstoffe;;;;Trading Economics;iron-ore;62% Fe, CFR China;FEHLER
2026-03-31;2026-03-31 07:54:32;Kokskohle;Energietraeger;;;;Trading Economics;coking-coal;Premium Hard;FEHLER
2026-03-31;2026-03-31 07:54:32;Kobalt;Basismetalle;;;;Trading Economics;cobalt;;FEHLER
2026-03-31;2026-03-31 07:54:32;Mangan;Legierungen;;;;Trading Economics;manganese;Erz, CNY/mtu;FEHLER
2026-03-31;2026-03-31 07:54:32;Silizium;Legierungen;;;;Trading Economics;silicon;CNY/T;FEHLER
2026-03-31;2026-03-31 07:54:32;Stahl HRC;Stahlpreise;;;;Trading Economics;steel;Hot-Rolled Coil, CNY/T;FEHLER
2026-03-31;2026-03-31 07:54:32;Wolfram;Legierungen;;;;Trading Economics;tungsten;APT;FEHLER
2026-03-31;2026-03-31 07:54:32;Kupfer;Basismetalle;12219.11;USD/MT;10652.62;Yahoo Finance;HG=F;Originalwert: 5.5425 USD/lb;OK
2026-03-31;2026-03-31 07:54:32;Aluminium;Basismetalle;3396.0;USD/MT;2960.63;Yahoo Finance;ALI=F;Originalwert: 3396.0000 USD/MT;OK
2026-03-31;2026-03-31 07:54:32;Zink;Basismetalle;2297.0;USD/MT;2002.52;Yahoo Finance;ZNC=F;Originalwert: 2297.0000 USD/MT;OK
2026-03-31;2026-03-31 07:54:32;Blei;Basismetalle;5281.17;USD/MT;4604.12;Yahoo Finance;LE=F;Originalwert: 239.5500 USX/lb;OK
2026-03-31;2026-03-31 07:54:32;Kurs EUR/USD;Waehrung;1.147052;EUR/USD;;Yahoo Finance;EURUSD=X;;OK
2026-03-31;2026-03-31 07:54:32;Kurs CNY/USD;Waehrung;0.144806;CNY/USD;;Yahoo Finance;CNYUSD=X;;OK
2026-03-31;2026-03-31 07:54:32;Kurs JPY/USD;Waehrung;0.006263;JPY/USD;;Yahoo Finance;JPYUSD=X;;OK
2026-04-01;2026-04-01 08:01:13;Nickel;Basismetalle;17105.25;USD/T;14766.96;Trading Economics;nickel;LME;OK
2026-04-01;2026-04-01 08:01:13;Eisenerz;Rohstoffe;106.38;USD/T;91.84;Trading Economics;iron-ore;62% Fe, CFR China;OK
2026-04-01;2026-04-01 08:01:13;Kokskohle;Energietraeger;225.33;USD/T;194.53;Trading Economics;coking-coal;Premium Hard;OK
2026-04-01;2026-04-01 08:01:13;Kobalt;Basismetalle;56290.0;USD/T;48595.15;Trading Economics;cobalt;;OK
2026-04-01;2026-04-01 08:01:13;Mangan;Legierungen;37.45;CNY/mtu;;Trading Economics;manganese;Erz, CNY/mtu;OK
2026-04-01;2026-04-01 08:01:13;Silizium;Legierungen;8330.0;CNY/T;;Trading Economics;silicon;CNY/T;OK
2026-04-01;2026-04-01 08:01:13;Stahl HRC;Stahlpreise;3130.0;CNY/T;;Trading Economics;steel;Hot-Rolled Coil, CNY/T;OK
2026-04-01;2026-04-01 08:01:13;Wolfram;Legierungen;98.444;USD/mtu;84.99;Trading Economics;tungsten;APT;OK
2026-04-01;2026-04-01 08:01:13;Kupfer;Basismetalle;12442.88;USD/MT;10741.94;Yahoo Finance;HG=F;Originalwert: 5.6440 USD/lb;OK
2026-04-01;2026-04-01 08:01:13;Aluminium;Basismetalle;3331.5;USD/MT;2876.08;Yahoo Finance;ALI=F;Originalwert: 3331.5000 USD/MT;OK
2026-04-01;2026-04-01 08:01:13;Zink;Basismetalle;2297.0;USD/MT;1983.0;Yahoo Finance;ZNC=F;Originalwert: 2297.0000 USD/MT;OK
2026-04-01;2026-04-01 08:01:13;Blei;Basismetalle;5357.78;USD/MT;4625.37;Yahoo Finance;LE=F;Originalwert: 243.0250 USX/lb;OK
2026-04-01;2026-04-01 08:01:13;Kurs EUR/USD;Waehrung;1.158346;EUR/USD;;Yahoo Finance;EURUSD=X;;OK
2026-04-01;2026-04-01 08:01:13;Kurs CNY/USD;Waehrung;0.145393;CNY/USD;;Yahoo Finance;CNYUSD=X;;OK
2026-04-01;2026-04-01 08:01:13;Kurs JPY/USD;Waehrung;0.006256;JPY/USD;;Yahoo Finance;JPYUSD=X;;OK
2026-04-02;2026-04-02 07:52:18;Nickel;Basismetalle;;;;Trading Economics;nickel;LME;FEHLER
2026-04-02;2026-04-02 07:52:18;Eisenerz;Rohstoffe;;;;Trading Economics;iron-ore;62% Fe, CFR China;FEHLER
2026-04-02;2026-04-02 07:52:18;Kokskohle;Energietraeger;;;;Trading Economics;coking-coal;Premium Hard;FEHLER
2026-04-02;2026-04-02 07:52:18;Kobalt;Basismetalle;;;;Trading Economics;cobalt;;FEHLER
2026-04-02;2026-04-02 07:52:18;Mangan;Legierungen;;;;Trading Economics;manganese;Erz, CNY/mtu;FEHLER
2026-04-02;2026-04-02 07:52:18;Silizium;Legierungen;;;;Trading Economics;silicon;CNY/T;FEHLER
2026-04-02;2026-04-02 07:52:18;Stahl HRC;Stahlpreise;;;;Trading Economics;steel;Hot-Rolled Coil, CNY/T;FEHLER
2026-04-02;2026-04-02 07:52:18;Wolfram;Legierungen;;;;Trading Economics;tungsten;APT;FEHLER
2026-04-02;2026-04-02 07:52:18;Kupfer;Basismetalle;12268.71;USD/MT;10636.97;Yahoo Finance;HG=F;Originalwert: 5.5650 USD/lb;OK
2026-04-02;2026-04-02 07:52:18;Aluminium;Basismetalle;3427.75;USD/MT;2971.86;Yahoo Finance;ALI=F;Originalwert: 3427.7500 USD/MT;OK
2026-04-02;2026-04-02 07:52:18;Zink;Basismetalle;2297.0;USD/MT;1991.5;Yahoo Finance;ZNC=F;Originalwert: 2297.0000 USD/MT;OK
2026-04-02;2026-04-02 07:52:18;Blei;Basismetalle;5380.38;USD/MT;4664.79;Yahoo Finance;LE=F;Originalwert: 244.0500 USX/lb;OK
2026-04-02;2026-04-02 07:52:18;Kurs EUR/USD;Waehrung;1.153403;EUR/USD;;Yahoo Finance;EURUSD=X;;OK
2026-04-02;2026-04-02 07:52:18;Kurs CNY/USD;Waehrung;0.145127;CNY/USD;;Yahoo Finance;CNYUSD=X;;OK
2026-04-02;2026-04-02 07:52:18;Kurs JPY/USD;Waehrung;0.006306;JPY/USD;;Yahoo Finance;JPYUSD=X;;OK
2026-04-03;2026-04-03 07:50:58;Nickel;Basismetalle;;;;Trading Economics;nickel;LME;FEHLER
2026-04-03;2026-04-03 07:50:58;Eisenerz;Rohstoffe;;;;Trading Economics;iron-ore;62% Fe, CFR China;FEHLER
2026-04-03;2026-04-03 07:50:58;Kokskohle;Energietraeger;;;;Trading Economics;coking-coal;Premium Hard;FEHLER
2026-04-03;2026-04-03 07:50:58;Kobalt;Basismetalle;;;;Trading Economics;cobalt;;FEHLER
2026-04-03;2026-04-03 07:50:58;Mangan;Legierungen;;;;Trading Economics;manganese;Erz, CNY/mtu;FEHLER
2026-04-03;2026-04-03 07:50:58;Silizium;Legierungen;;;;Trading Economics;silicon;CNY/T;FEHLER
2026-04-03;2026-04-03 07:50:58;Stahl HRC;Stahlpreise;;;;Trading Economics;steel;Hot-Rolled Coil, CNY/T;FEHLER
2026-04-03;2026-04-03 07:50:58;Wolfram;Legierungen;;;;Trading Economics;tungsten;APT;FEHLER
2026-04-03;2026-04-03 07:50:58;Kupfer;Basismetalle;12264.3;USD/MT;10620.89;Yahoo Finance;HG=F;Originalwert: 5.5630 USD/lb;OK
2026-04-03;2026-04-03 07:50:58;Aluminium;Basismetalle;3411.0;USD/MT;2953.93;Yahoo Finance;ALI=F;Originalwert: 3411.0000 USD/MT;OK
2026-04-03;2026-04-03 07:50:58;Zink;Basismetalle;2297.0;USD/MT;1989.2;Yahoo Finance;ZNC=F;Originalwert: 2297.0000 USD/MT;OK
2026-04-03;2026-04-03 07:50:58;Blei;Basismetalle;5427.77;USD/MT;4700.45;Yahoo Finance;LE=F;Originalwert: 246.2000 USX/lb;OK
2026-04-03;2026-04-03 07:50:58;Kurs EUR/USD;Waehrung;1.154734;EUR/USD;;Yahoo Finance;EURUSD=X;;OK
2026-04-03;2026-04-03 07:50:58;Kurs CNY/USD;Waehrung;0.145416;CNY/USD;;Yahoo Finance;CNYUSD=X;;OK
2026-04-03;2026-04-03 07:50:58;Kurs JPY/USD;Waehrung;0.006267;JPY/USD;;Yahoo Finance;JPYUSD=X;;OK
2026-04-06;2026-04-06 08:05:15;Nickel;Basismetalle;;;;Trading Economics;nickel;LME;FEHLER
2026-04-06;2026-04-06 08:05:15;Eisenerz;Rohstoffe;;;;Trading Economics;iron-ore;62% Fe, CFR China;FEHLER
2026-04-06;2026-04-06 08:05:15;Kokskohle;Energietraeger;;;;Trading Economics;coking-coal;Premium Hard;FEHLER
2026-04-06;2026-04-06 08:05:15;Kobalt;Basismetalle;;;;Trading Economics;cobalt;;FEHLER
2026-04-06;2026-04-06 08:05:15;Mangan;Legierungen;;;;Trading Economics;manganese;Erz, CNY/mtu;FEHLER
2026-04-06;2026-04-06 08:05:15;Silizium;Legierungen;;;;Trading Economics;silicon;CNY/T;FEHLER
2026-04-06;2026-04-06 08:05:15;Stahl HRC;Stahlpreise;;;;Trading Economics;steel;Hot-Rolled Coil, CNY/T;FEHLER
2026-04-06;2026-04-06 08:05:15;Wolfram;Legierungen;;;;Trading Economics;tungsten;APT;FEHLER
2026-04-06;2026-04-06 08:05:15;Kupfer;Basismetalle;12387.76;USD/MT;10707.98;Yahoo Finance;HG=F;Originalwert: 5.6190 USD/lb;OK
2026-04-06;2026-04-06 08:05:15;Aluminium;Basismetalle;3411.0;USD/MT;2948.47;Yahoo Finance;ALI=F;Originalwert: 3411.0000 USD/MT;OK
2026-04-06;2026-04-06 08:05:15;Zink;Basismetalle;2297.0;USD/MT;1985.53;Yahoo Finance;ZNC=F;Originalwert: 2297.0000 USD/MT;OK
2026-04-06;2026-04-06 08:05:15;Blei;Basismetalle;5427.77;USD/MT;4691.76;Yahoo Finance;LE=F;Originalwert: 246.2000 USX/lb;OK
2026-04-06;2026-04-06 08:05:15;Kurs EUR/USD;Waehrung;1.156872;EUR/USD;;Yahoo Finance;EURUSD=X;;OK
2026-04-06;2026-04-06 08:05:15;Kurs CNY/USD;Waehrung;0.145315;CNY/USD;;Yahoo Finance;CNYUSD=X;;OK
2026-04-06;2026-04-06 08:05:15;Kurs JPY/USD;Waehrung;0.006273;JPY/USD;;Yahoo Finance;JPYUSD=X;;OK
2026-04-07;2026-04-07 07:58:24;Nickel;Basismetalle;;;;Trading Economics;nickel;LME;FEHLER
2026-04-07;2026-04-07 07:58:24;Eisenerz;Rohstoffe;;;;Trading Economics;iron-ore;62% Fe, CFR China;FEHLER
2026-04-07;2026-04-07 07:58:24;Kokskohle;Energietraeger;;;;Trading Economics;coking-coal;Premium Hard;FEHLER
2026-04-07;2026-04-07 07:58:24;Kobalt;Basismetalle;;;;Trading Economics;cobalt;;FEHLER
2026-04-07;2026-04-07 07:58:24;Mangan;Legierungen;;;;Trading Economics;manganese;Erz, CNY/mtu;FEHLER
2026-04-07;2026-04-07 07:58:24;Silizium;Legierungen;;;;Trading Economics;silicon;CNY/T;FEHLER
2026-04-07;2026-04-07 07:58:24;Stahl HRC;Stahlpreise;;;;Trading Economics;steel;Hot-Rolled Coil, CNY/T;FEHLER
2026-04-07;2026-04-07 07:58:24;Wolfram;Legierungen;;;;Trading Economics;tungsten;APT;FEHLER
2026-04-07;2026-04-07 07:58:24;Kupfer;Basismetalle;12407.6;USD/MT;10747.46;Yahoo Finance;HG=F;Originalwert: 5.6280 USD/lb;OK
2026-04-07;2026-04-07 07:58:24;Aluminium;Basismetalle;3433.75;USD/MT;2974.31;Yahoo Finance;ALI=F;Originalwert: 3433.7500 USD/MT;OK
2026-04-07;2026-04-07 07:58:24;Zink;Basismetalle;2297.0;USD/MT;1989.66;Yahoo Finance;ZNC=F;Originalwert: 2297.0000 USD/MT;OK
2026-04-07;2026-04-07 07:58:24;Blei;Basismetalle;5468.01;USD/MT;4736.39;Yahoo Finance;LE=F;Originalwert: 248.0250 USX/lb;OK
2026-04-07;2026-04-07 07:58:24;Kurs EUR/USD;Waehrung;1.154468;EUR/USD;;Yahoo Finance;EURUSD=X;;OK
2026-04-07;2026-04-07 07:58:24;Kurs CNY/USD;Waehrung;0.145609;CNY/USD;;Yahoo Finance;CNYUSD=X;;OK
2026-04-07;2026-04-07 07:58:24;Kurs JPY/USD;Waehrung;0.006256;JPY/USD;;Yahoo Finance;JPYUSD=X;;OK
2026-04-08;2026-04-08 08:00:03;Nickel;Basismetalle;17261.0;USD/T;14754.71;Trading Economics;nickel;LME;OK
2026-04-08;2026-04-08 08:00:03;Eisenerz;Rohstoffe;108.32;USD/T;92.59;Trading Economics;iron-ore;62% Fe, CFR China;OK
2026-04-08;2026-04-08 08:00:03;Kokskohle;Energietraeger;234.75;USD/T;200.66;Trading Economics;coking-coal;Premium Hard;OK
2026-04-08;2026-04-08 08:00:03;Kobalt;Basismetalle;56290.0;USD/T;48116.7;Trading Economics;cobalt;;OK
2026-04-08;2026-04-08 08:00:03;Mangan;Legierungen;36.95;CNY/mtu;;Trading Economics;manganese;Erz, CNY/mtu;OK
2026-04-08;2026-04-08 08:00:03;Silizium;Legierungen;8255.0;CNY/T;;Trading Economics;silicon;CNY/T;OK
2026-04-08;2026-04-08 08:00:03;Stahl HRC;Stahlpreise;3094.0;CNY/T;;Trading Economics;steel;Hot-Rolled Coil, CNY/T;OK
2026-04-08;2026-04-08 08:00:03;Wolfram;Legierungen;95.946;USD/mtu;82.01;Trading Economics;tungsten;APT;OK
2026-04-08;2026-04-08 08:00:03;Kupfer;Basismetalle;12641.29;USD/MT;10805.78;Yahoo Finance;HG=F;Originalwert: 5.7340 USD/lb;OK
2026-04-08;2026-04-08 08:00:03;Aluminium;Basismetalle;3393.0;USD/MT;2900.34;Yahoo Finance;ALI=F;Originalwert: 3393.0000 USD/MT;OK
2026-04-08;2026-04-08 08:00:03;Zink;Basismetalle;2297.0;USD/MT;1963.48;Yahoo Finance;ZNC=F;Originalwert: 2297.0000 USD/MT;OK
2026-04-08;2026-04-08 08:00:03;Blei;Basismetalle;5471.87;USD/MT;4677.36;Yahoo Finance;LE=F;Originalwert: 248.2000 USX/lb;OK
2026-04-08;2026-04-08 08:00:03;Kurs EUR/USD;Waehrung;1.169864;EUR/USD;;Yahoo Finance;EURUSD=X;;OK
2026-04-08;2026-04-08 08:00:03;Kurs CNY/USD;Waehrung;0.146522;CNY/USD;;Yahoo Finance;CNYUSD=X;;OK
2026-04-08;2026-04-08 08:00:03;Kurs JPY/USD;Waehrung;0.006321;JPY/USD;;Yahoo Finance;JPYUSD=X;;OK
2026-04-09;2026-04-09 08:01:28;Nickel;Basismetalle;17166.38;USD/T;14713.3;Trading Economics;nickel;LME;OK
2026-04-09;2026-04-09 08:01:28;Eisenerz;Rohstoffe;107.83;USD/T;92.42;Trading Economics;iron-ore;62% Fe, CFR China;OK
2026-04-09;2026-04-09 08:01:28;Kokskohle;Energietraeger;232.5;USD/T;199.28;Trading Economics;coking-coal;Premium Hard;OK
2026-04-09;2026-04-09 08:01:28;Kobalt;Basismetalle;56290.0;USD/T;48246.16;Trading Economics;cobalt;;OK
2026-04-09;2026-04-09 08:01:28;Mangan;Legierungen;36.65;CNY/mtu;;Trading Economics;manganese;Erz, CNY/mtu;OK
2026-04-09;2026-04-09 08:01:28;Silizium;Legierungen;8280.0;CNY/T;;Trading Economics;silicon;CNY/T;OK
2026-04-09;2026-04-09 08:01:28;Stahl HRC;Stahlpreise;3084.0;CNY/T;;Trading Economics;steel;Hot-Rolled Coil, CNY/T;OK
2026-04-09;2026-04-09 08:01:28;Wolfram;Legierungen;97.618;USD/mtu;83.67;Trading Economics;tungsten;APT;OK
2026-04-09;2026-04-09 08:01:28;Kupfer;Basismetalle;12587.28;USD/MT;10788.56;Yahoo Finance;HG=F;Originalwert: 5.7095 USD/lb;OK
2026-04-09;2026-04-09 08:01:28;Aluminium;Basismetalle;3355.75;USD/MT;2876.21;Yahoo Finance;ALI=F;Originalwert: 3355.7500 USD/MT;OK
2026-04-09;2026-04-09 08:01:28;Zink;Basismetalle;2297.0;USD/MT;1968.76;Yahoo Finance;ZNC=F;Originalwert: 2297.0000 USD/MT;OK
2026-04-09;2026-04-09 08:01:28;Blei;Basismetalle;5489.5;USD/MT;4705.05;Yahoo Finance;LE=F;Originalwert: 249.0000 USX/lb;OK
2026-04-09;2026-04-09 08:01:28;Kurs EUR/USD;Waehrung;1.166725;EUR/USD;;Yahoo Finance;EURUSD=X;;OK
2026-04-09;2026-04-09 08:01:28;Kurs CNY/USD;Waehrung;0.146263;CNY/USD;;Yahoo Finance;CNYUSD=X;;OK
2026-04-09;2026-04-09 08:01:28;Kurs JPY/USD;Waehrung;0.006291;JPY/USD;;Yahoo Finance;JPYUSD=X;;OK
2026-04-10;2026-04-10 08:03:47;Nickel;Basismetalle;17102.0;USD/T;14639.32;Trading Economics;nickel;LME;OK
2026-04-10;2026-04-10 08:03:47;Eisenerz;Rohstoffe;106.27;USD/T;90.97;Trading Economics;iron-ore;62% Fe, CFR China;OK
2026-04-10;2026-04-10 08:03:47;Kokskohle;Energietraeger;229.0;USD/T;196.02;Trading Economics;coking-coal;Premium Hard;OK
2026-04-10;2026-04-10 08:03:47;Kobalt;Basismetalle;56290.0;USD/T;48184.25;Trading Economics;cobalt;;OK
2026-04-10;2026-04-10 08:03:47;Mangan;Legierungen;35.15;CNY/mtu;;Trading Economics;manganese;Erz, CNY/mtu;OK
2026-04-10;2026-04-10 08:03:47;Silizium;Legierungen;8280.0;CNY/T;;Trading Economics;silicon;CNY/T;OK
2026-04-10;2026-04-10 08:03:47;Stahl HRC;Stahlpreise;3085.0;CNY/T;;Trading Economics;steel;Hot-Rolled Coil, CNY/T;OK
2026-04-10;2026-04-10 08:03:47;Wolfram;Legierungen;99.679;USD/mtu;85.33;Trading Economics;tungsten;APT;OK
2026-04-10;2026-04-10 08:03:47;Kupfer;Basismetalle;12785.69;USD/MT;10944.55;Yahoo Finance;HG=F;Originalwert: 5.7995 USD/lb;OK
2026-04-10;2026-04-10 08:03:47;Aluminium;Basismetalle;3385.5;USD/MT;2897.99;Yahoo Finance;ALI=F;Originalwert: 3385.5000 USD/MT;OK
2026-04-10;2026-04-10 08:03:47;Zink;Basismetalle;2297.0;USD/MT;1966.23;Yahoo Finance;ZNC=F;Originalwert: 2297.0000 USD/MT;OK
2026-04-10;2026-04-10 08:03:47;Blei;Basismetalle;5506.59;USD/MT;4713.64;Yahoo Finance;LE=F;Originalwert: 249.7750 USX/lb;OK
2026-04-10;2026-04-10 08:03:47;Kurs EUR/USD;Waehrung;1.168224;EUR/USD;;Yahoo Finance;EURUSD=X;;OK
2026-04-10;2026-04-10 08:03:47;Kurs CNY/USD;Waehrung;0.146323;CNY/USD;;Yahoo Finance;CNYUSD=X;;OK
2026-04-10;2026-04-10 08:03:47;Kurs JPY/USD;Waehrung;0.006304;JPY/USD;;Yahoo Finance;JPYUSD=X;;OK
2026-04-13;2026-04-13 08:14:55;Nickel;Basismetalle;17533.0;USD/T;14990.71;Trading Economics;nickel;LME;OK
2026-04-13;2026-04-13 08:14:55;Eisenerz;Rohstoffe;106.63;USD/T;91.17;Trading Economics;iron-ore;62% Fe, CFR China;OK
2026-04-13;2026-04-13 08:14:55;Kokskohle;Energietraeger;224.0;USD/T;191.52;Trading Economics;coking-coal;Premium Hard;OK
2026-04-13;2026-04-13 08:14:55;Kobalt;Basismetalle;56290.0;USD/T;48127.94;Trading Economics;cobalt;;OK
2026-04-13;2026-04-13 08:14:55;Mangan;Legierungen;34.65;CNY/mtu;;Trading Economics;manganese;Erz, CNY/mtu;OK
2026-04-13;2026-04-13 08:14:55;Silizium;Legierungen;8445.0;CNY/T;;Trading Economics;silicon;CNY/T;OK
2026-04-13;2026-04-13 08:14:55;Stahl HRC;Stahlpreise;3084.0;CNY/T;;Trading Economics;steel;Hot-Rolled Coil, CNY/T;OK
2026-04-13;2026-04-13 08:14:55;Wolfram;Legierungen;103.91;USD/mtu;88.84;Trading Economics;tungsten;APT;OK
2026-04-13;2026-04-13 08:14:55;Kupfer;Basismetalle;12931.2;USD/MT;11056.17;Yahoo Finance;HG=F;Originalwert: 5.8655 USD/lb;OK
2026-04-13;2026-04-13 08:14:55;Aluminium;Basismetalle;3471.0;USD/MT;2967.7;Yahoo Finance;ALI=F;Originalwert: 3471.0000 USD/MT;OK
2026-04-13;2026-04-13 08:14:55;Zink;Basismetalle;2297.0;USD/MT;1963.93;Yahoo Finance;ZNC=F;Originalwert: 2297.0000 USD/MT;OK
2026-04-13;2026-04-13 08:14:55;Blei;Basismetalle;5550.68;USD/MT;4745.83;Yahoo Finance;LE=F;Originalwert: 251.7750 USX/lb;OK
2026-04-13;2026-04-13 08:14:55;Kurs EUR/USD;Waehrung;1.169591;EUR/USD;;Yahoo Finance;EURUSD=X;;OK
2026-04-13;2026-04-13 08:14:55;Kurs CNY/USD;Waehrung;0.146346;CNY/USD;;Yahoo Finance;CNYUSD=X;;OK
2026-04-13;2026-04-13 08:14:55;Kurs JPY/USD;Waehrung;0.006264;JPY/USD;;Yahoo Finance;JPYUSD=X;;OK
2026-04-14;2026-04-14 08:06:12;Nickel;Basismetalle;17841.25;USD/T;15143.65;Trading Economics;nickel;LME;OK
2026-04-14;2026-04-14 08:06:12;Eisenerz;Rohstoffe;107.05;USD/T;90.86;Trading Economics;iron-ore;62% Fe, CFR China;OK
2026-04-14;2026-04-14 08:06:12;Kokskohle;Energietraeger;223.0;USD/T;189.28;Trading Economics;coking-coal;Premium Hard;OK
2026-04-14;2026-04-14 08:06:12;Kobalt;Basismetalle;56290.0;USD/T;47778.95;Trading Economics;cobalt;;OK
2026-04-14;2026-04-14 08:06:12;Mangan;Legierungen;34.65;CNY/mtu;;Trading Economics;manganese;Erz, CNY/mtu;OK
2026-04-14;2026-04-14 08:06:12;Silizium;Legierungen;8305.0;CNY/T;;Trading Economics;silicon;CNY/T;OK
2026-04-14;2026-04-14 08:06:12;Stahl HRC;Stahlpreise;3076.0;CNY/T;;Trading Economics;steel;Hot-Rolled Coil, CNY/T;OK
2026-04-14;2026-04-14 08:06:12;Wolfram;Legierungen;96.721;USD/mtu;82.1;Trading Economics;tungsten;APT;OK
2026-04-14;2026-04-14 08:06:12;Kupfer;Basismetalle;13280.63;USD/MT;11272.6;Yahoo Finance;HG=F;Originalwert: 6.0240 USD/lb;OK
2026-04-14;2026-04-14 08:06:12;Aluminium;Basismetalle;3578.25;USD/MT;3037.22;Yahoo Finance;ALI=F;Originalwert: 3578.2500 USD/MT;OK
2026-04-14;2026-04-14 08:06:12;Zink;Basismetalle;2297.0;USD/MT;1949.69;Yahoo Finance;ZNC=F;Originalwert: 2297.0000 USD/MT;OK
2026-04-14;2026-04-14 08:06:12;Blei;Basismetalle;5525.88;USD/MT;4690.37;Yahoo Finance;LE=F;Originalwert: 250.6500 USX/lb;OK
2026-04-14;2026-04-14 08:06:12;Kurs EUR/USD;Waehrung;1.178134;EUR/USD;;Yahoo Finance;EURUSD=X;;OK
2026-04-14;2026-04-14 08:06:12;Kurs CNY/USD;Waehrung;0.146714;CNY/USD;;Yahoo Finance;CNYUSD=X;;OK
2026-04-14;2026-04-14 08:06:12;Kurs JPY/USD;Waehrung;0.006287;JPY/USD;;Yahoo Finance;JPYUSD=X;;OK
2026-04-15;2026-04-15 08:07:06;Nickel;Basismetalle;18269.25;USD/T;15492.33;Trading Economics;nickel;LME;OK
2026-04-15;2026-04-15 08:07:06;Eisenerz;Rohstoffe;106.38;USD/T;90.21;Trading Economics;iron-ore;62% Fe, CFR China;OK
2026-04-15;2026-04-15 08:07:06;Kokskohle;Energietraeger;224.25;USD/T;190.16;Trading Economics;coking-coal;Premium Hard;OK
2026-04-15;2026-04-15 08:07:06;Kobalt;Basismetalle;56290.0;USD/T;47733.93;Trading Economics;cobalt;;OK
2026-04-15;2026-04-15 08:07:06;Mangan;Legierungen;34.65;CNY/mtu;;Trading Economics;manganese;Erz, CNY/mtu;OK
2026-04-15;2026-04-15 08:07:06;Silizium;Legierungen;8435.0;CNY/T;;Trading Economics;silicon;CNY/T;OK
2026-04-15;2026-04-15 08:07:06;Stahl HRC;Stahlpreise;3085.0;CNY/T;;Trading Economics;steel;Hot-Rolled Coil, CNY/T;OK
2026-04-15;2026-04-15 08:07:06;Wolfram;Legierungen;90.605;USD/mtu;76.83;Trading Economics;tungsten;APT;OK
2026-04-15;2026-04-15 08:07:06;Kupfer;Basismetalle;13443.77;USD/MT;11400.32;Yahoo Finance;HG=F;Originalwert: 6.0980 USD/lb;OK
2026-04-15;2026-04-15 08:07:06;Aluminium;Basismetalle;3516.0;USD/MT;2981.57;Yahoo Finance;ALI=F;Originalwert: 3516.0000 USD/MT;OK
2026-04-15;2026-04-15 08:07:06;Zink;Basismetalle;2297.0;USD/MT;1947.86;Yahoo Finance;ZNC=F;Originalwert: 2297.0000 USD/MT;OK
2026-04-15;2026-04-15 08:07:06;Blei;Basismetalle;5567.77;USD/MT;4721.47;Yahoo Finance;LE=F;Originalwert: 252.5500 USX/lb;OK
2026-04-15;2026-04-15 08:07:06;Kurs EUR/USD;Waehrung;1.179245;EUR/USD;;Yahoo Finance;EURUSD=X;;OK
2026-04-15;2026-04-15 08:07:06;Kurs CNY/USD;Waehrung;0.146692;CNY/USD;;Yahoo Finance;CNYUSD=X;;OK
2026-04-15;2026-04-15 08:07:06;Kurs JPY/USD;Waehrung;0.006296;JPY/USD;;Yahoo Finance;JPYUSD=X;;OK
2026-04-16;2026-04-16 08:06:44;Nickel;Basismetalle;18322.75;USD/T;15537.7;Trading Economics;nickel;LME;OK
2026-04-16;2026-04-16 08:06:44;Eisenerz;Rohstoffe;106.75;USD/T;90.52;Trading Economics;iron-ore;62% Fe, CFR China;OK
2026-04-16;2026-04-16 08:06:44;Kokskohle;Energietraeger;226.0;USD/T;191.65;Trading Economics;coking-coal;Premium Hard;OK
2026-04-16;2026-04-16 08:06:44;Kobalt;Basismetalle;56290.0;USD/T;47733.93;Trading Economics;cobalt;;OK
2026-04-16;2026-04-16 08:06:44;Mangan;Legierungen;34.65;CNY/mtu;;Trading Economics;manganese;Erz, CNY/mtu;OK
2026-04-16;2026-04-16 08:06:44;Silizium;Legierungen;8475.0;CNY/T;;Trading Economics;silicon;CNY/T;OK
2026-04-16;2026-04-16 08:06:44;Stahl HRC;Stahlpreise;3098.0;CNY/T;;Trading Economics;steel;Hot-Rolled Coil, CNY/T;OK
2026-04-16;2026-04-16 08:06:44;Wolfram;Legierungen;92.645;USD/mtu;78.56;Trading Economics;tungsten;APT;OK
2026-04-16;2026-04-16 08:06:44;Kupfer;Basismetalle;13451.49;USD/MT;11406.87;Yahoo Finance;HG=F;Originalwert: 6.1015 USD/lb;OK
2026-04-16;2026-04-16 08:06:44;Aluminium;Basismetalle;3615.75;USD/MT;3066.16;Yahoo Finance;ALI=F;Originalwert: 3615.7500 USD/MT;OK
2026-04-16;2026-04-16 08:06:44;Zink;Basismetalle;2297.0;USD/MT;1947.86;Yahoo Finance;ZNC=F;Originalwert: 2297.0000 USD/MT;OK
2026-04-16;2026-04-16 08:06:44;Blei;Basismetalle;5568.87;USD/MT;4722.4;Yahoo Finance;LE=F;Originalwert: 252.6000 USX/lb;OK
2026-04-16;2026-04-16 08:06:44;Kurs EUR/USD;Waehrung;1.179245;EUR/USD;;Yahoo Finance;EURUSD=X;;OK
2026-04-16;2026-04-16 08:06:44;Kurs CNY/USD;Waehrung;0.146692;CNY/USD;;Yahoo Finance;CNYUSD=X;;OK
2026-04-16;2026-04-16 08:06:44;Kurs JPY/USD;Waehrung;0.006292;JPY/USD;;Yahoo Finance;JPYUSD=X;;OK
2026-04-17;2026-04-17 08:06:18;Nickel;Basismetalle;18555.75;USD/T;15744.56;Trading Economics;nickel;LME;OK
2026-04-17;2026-04-17 08:06:18;Eisenerz;Rohstoffe;107.11;USD/T;90.88;Trading Economics;iron-ore;62% Fe, CFR China;OK
2026-04-17;2026-04-17 08:06:18;Kokskohle;Energietraeger;226.0;USD/T;191.76;Trading Economics;coking-coal;Premium Hard;OK
2026-04-17;2026-04-17 08:06:18;Kobalt;Basismetalle;56290.0;USD/T;47762.08;Trading Economics;cobalt;;OK
2026-04-17;2026-04-17 08:06:18;Mangan;Legierungen;34.65;CNY/mtu;;Trading Economics;manganese;Erz, CNY/mtu;OK
2026-04-17;2026-04-17 08:06:18;Silizium;Legierungen;8535.0;CNY/T;;Trading Economics;silicon;CNY/T;OK
2026-04-17;2026-04-17 08:06:18;Stahl HRC;Stahlpreise;3102.0;CNY/T;;Trading Economics;steel;Hot-Rolled Coil, CNY/T;OK
2026-04-17;2026-04-17 08:06:18;Wolfram;Legierungen;93.576;USD/mtu;79.4;Trading Economics;tungsten;APT;OK
2026-04-17;2026-04-17 08:06:18;Kupfer;Basismetalle;13344.56;USD/MT;11322.86;Yahoo Finance;HG=F;Originalwert: 6.0530 USD/lb;OK
2026-04-17;2026-04-17 08:06:18;Aluminium;Basismetalle;3588.5;USD/MT;3044.84;Yahoo Finance;ALI=F;Originalwert: 3588.5000 USD/MT;OK
2026-04-17;2026-04-17 08:06:18;Zink;Basismetalle;2297.0;USD/MT;1949.01;Yahoo Finance;ZNC=F;Originalwert: 2297.0000 USD/MT;OK
2026-04-17;2026-04-17 08:06:18;Blei;Basismetalle;5518.16;USD/MT;4682.16;Yahoo Finance;LE=F;Originalwert: 250.3000 USX/lb;OK
2026-04-17;2026-04-17 08:06:18;Kurs EUR/USD;Waehrung;1.17855;EUR/USD;;Yahoo Finance;EURUSD=X;;OK
2026-04-17;2026-04-17 08:06:18;Kurs CNY/USD;Waehrung;0.14649;CNY/USD;;Yahoo Finance;CNYUSD=X;;OK
2026-04-17;2026-04-17 08:06:18;Kurs JPY/USD;Waehrung;0.00628;JPY/USD;;Yahoo Finance;JPYUSD=X;;OK
2026-04-20;2026-04-20 08:15:49;Nickel;Basismetalle;18148.5;USD/T;15438.92;Trading Economics;nickel;LME;OK
2026-04-20;2026-04-20 08:15:49;Eisenerz;Rohstoffe;106.85;USD/T;90.9;Trading Economics;iron-ore;62% Fe, CFR China;OK
2026-04-20;2026-04-20 08:15:49;Kokskohle;Energietraeger;227.0;USD/T;193.11;Trading Economics;coking-coal;Premium Hard;OK
2026-04-20;2026-04-20 08:15:49;Kobalt;Basismetalle;56290.0;USD/T;47885.88;Trading Economics;cobalt;;OK
2026-04-20;2026-04-20 08:15:49;Mangan;Legierungen;34.65;CNY/mtu;;Trading Economics;manganese;Erz, CNY/mtu;OK
2026-04-20;2026-04-20 08:15:49;Silizium;Legierungen;8580.0;CNY/T;;Trading Economics;silicon;CNY/T;OK
2026-04-20;2026-04-20 08:15:49;Stahl HRC;Stahlpreise;3134.0;CNY/T;;Trading Economics;steel;Hot-Rolled Coil, CNY/T;OK
2026-04-20;2026-04-20 08:15:49;Wolfram;Legierungen;88.955;USD/mtu;75.67;Trading Economics;tungsten;APT;OK
2026-04-20;2026-04-20 08:15:49;Kupfer;Basismetalle;13455.9;USD/MT;11446.93;Yahoo Finance;HG=F;Originalwert: 6.1035 USD/lb;OK
2026-04-20;2026-04-20 08:15:49;Aluminium;Basismetalle;3596.75;USD/MT;3059.75;Yahoo Finance;ALI=F;Originalwert: 3596.7500 USD/MT;OK
2026-04-20;2026-04-20 08:15:49;Zink;Basismetalle;2297.0;USD/MT;1954.06;Yahoo Finance;ZNC=F;Originalwert: 2297.0000 USD/MT;OK
2026-04-20;2026-04-20 08:15:49;Blei;Basismetalle;5510.45;USD/MT;4687.74;Yahoo Finance;LE=F;Originalwert: 249.9500 USX/lb;OK
2026-04-20;2026-04-20 08:15:49;Kurs EUR/USD;Waehrung;1.175503;EUR/USD;;Yahoo Finance;EURUSD=X;;OK
2026-04-20;2026-04-20 08:15:49;Kurs CNY/USD;Waehrung;0.146615;CNY/USD;;Yahoo Finance;CNYUSD=X;;OK
2026-04-20;2026-04-20 08:15:49;Kurs JPY/USD;Waehrung;0.006292;JPY/USD;;Yahoo Finance;JPYUSD=X;;OK
2026-04-21;2026-04-21 08:08:37;Nickel;Basismetalle;18187.75;USD/T;15461.41;Trading Economics;nickel;LME;OK
2026-04-21;2026-04-21 08:08:37;Eisenerz;Rohstoffe;107.09;USD/T;91.04;Trading Economics;iron-ore;62% Fe, CFR China;OK
2026-04-21;2026-04-21 08:08:37;Kokskohle;Energietraeger;227.5;USD/T;193.4;Trading Economics;coking-coal;Premium Hard;OK
2026-04-21;2026-04-21 08:08:37;Kobalt;Basismetalle;56290.0;USD/T;47852.14;Trading Economics;cobalt;;OK
2026-04-21;2026-04-21 08:08:37;Mangan;Legierungen;34.65;CNY/mtu;;Trading Economics;manganese;Erz, CNY/mtu;OK
2026-04-21;2026-04-21 08:08:37;Silizium;Legierungen;8545.0;CNY/T;;Trading Economics;silicon;CNY/T;OK
2026-04-21;2026-04-21 08:08:37;Stahl HRC;Stahlpreise;3131.0;CNY/T;;Trading Economics;steel;Hot-Rolled Coil, CNY/T;OK
2026-04-21;2026-04-21 08:08:37;Wolfram;Legierungen;88.981;USD/mtu;75.64;Trading Economics;tungsten;APT;OK
2026-04-21;2026-04-21 08:08:37;Kupfer;Basismetalle;13303.78;USD/MT;11309.55;Yahoo Finance;HG=F;Originalwert: 6.0345 USD/lb;OK
2026-04-21;2026-04-21 08:08:37;Aluminium;Basismetalle;3478.25;USD/MT;2956.86;Yahoo Finance;ALI=F;Originalwert: 3478.2500 USD/MT;OK
2026-04-21;2026-04-21 08:08:37;Zink;Basismetalle;2297.0;USD/MT;1952.68;Yahoo Finance;ZNC=F;Originalwert: 2297.0000 USD/MT;OK
2026-04-21;2026-04-21 08:08:37;Blei;Basismetalle;5502.73;USD/MT;4677.87;Yahoo Finance;LE=F;Originalwert: 249.6000 USX/lb;OK
2026-04-21;2026-04-21 08:08:37;Kurs EUR/USD;Waehrung;1.176332;EUR/USD;;Yahoo Finance;EURUSD=X;;OK
2026-04-21;2026-04-21 08:08:37;Kurs CNY/USD;Waehrung;0.146707;CNY/USD;;Yahoo Finance;CNYUSD=X;;OK
2026-04-21;2026-04-21 08:08:37;Kurs JPY/USD;Waehrung;0.006283;JPY/USD;;Yahoo Finance;JPYUSD=X;;OK
2026-04-22;2026-04-22 08:07:18;Nickel;Basismetalle;18428.38;USD/T;15675.18;Trading Economics;nickel;LME;OK
2026-04-22;2026-04-22 08:07:18;Eisenerz;Rohstoffe;107.05;USD/T;91.06;Trading Economics;iron-ore;62% Fe, CFR China;OK
2026-04-22;2026-04-22 08:07:18;Kokskohle;Energietraeger;228.0;USD/T;193.94;Trading Economics;coking-coal;Premium Hard;OK
2026-04-22;2026-04-22 08:07:18;Kobalt;Basismetalle;56290.0;USD/T;47880.26;Trading Economics;cobalt;;OK
2026-04-22;2026-04-22 08:07:18;Mangan;Legierungen;34.35;CNY/mtu;;Trading Economics;manganese;Erz, CNY/mtu;OK
2026-04-22;2026-04-22 08:07:18;Silizium;Legierungen;8545.0;CNY/T;;Trading Economics;silicon;CNY/T;OK
2026-04-22;2026-04-22 08:07:18;Stahl HRC;Stahlpreise;3129.0;CNY/T;;Trading Economics;steel;Hot-Rolled Coil, CNY/T;OK
2026-04-22;2026-04-22 08:07:18;Wolfram;Legierungen;89.684;USD/mtu;76.29;Trading Economics;tungsten;APT;OK
2026-04-22;2026-04-22 08:07:18;Kupfer;Basismetalle;13356.69;USD/MT;11361.2;Yahoo Finance;HG=F;Originalwert: 6.0585 USD/lb;OK
2026-04-22;2026-04-22 08:07:18;Aluminium;Basismetalle;3533.25;USD/MT;3005.38;Yahoo Finance;ALI=F;Originalwert: 3533.2500 USD/MT;OK
2026-04-22;2026-04-22 08:07:18;Zink;Basismetalle;2297.0;USD/MT;1953.83;Yahoo Finance;ZNC=F;Originalwert: 2297.0000 USD/MT;OK
2026-04-22;2026-04-22 08:07:18;Blei;Basismetalle;5454.78;USD/MT;4639.83;Yahoo Finance;LE=F;Originalwert: 247.4250 USX/lb;OK
2026-04-22;2026-04-22 08:07:18;Kurs EUR/USD;Waehrung;1.175641;EUR/USD;;Yahoo Finance;EURUSD=X;;OK
2026-04-22;2026-04-22 08:07:18;Kurs CNY/USD;Waehrung;0.146623;CNY/USD;;Yahoo Finance;CNYUSD=X;;OK
2026-04-22;2026-04-22 08:07:18;Kurs JPY/USD;Waehrung;0.00628;JPY/USD;;Yahoo Finance;JPYUSD=X;;OK
2026-04-23;2026-04-23 08:09:32;Nickel;Basismetalle;18325.0;USD/T;15653.22;Trading Economics;nickel;LME;OK
2026-04-23;2026-04-23 08:09:32;Eisenerz;Rohstoffe;107.11;USD/T;91.49;Trading Economics;iron-ore;62% Fe, CFR China;OK
2026-04-23;2026-04-23 08:09:32;Kokskohle;Energietraeger;228.0;USD/T;194.76;Trading Economics;coking-coal;Premium Hard;OK
2026-04-23;2026-04-23 08:09:32;Kobalt;Basismetalle;56290.0;USD/T;48082.92;Trading Economics;cobalt;;OK
2026-04-23;2026-04-23 08:09:32;Mangan;Legierungen;34.35;CNY/mtu;;Trading Economics;manganese;Erz, CNY/mtu;OK
2026-04-23;2026-04-23 08:09:32;Silizium;Legierungen;8430.0;CNY/T;;Trading Economics;silicon;CNY/T;OK
2026-04-23;2026-04-23 08:09:32;Stahl HRC;Stahlpreise;3129.0;CNY/T;;Trading Economics;steel;Hot-Rolled Coil, CNY/T;OK
2026-04-23;2026-04-23 08:09:32;Wolfram;Legierungen;94.182;USD/mtu;80.45;Trading Economics;tungsten;APT;OK
2026-04-23;2026-04-23 08:09:32;Kupfer;Basismetalle;13310.39;USD/MT;11369.74;Yahoo Finance;HG=F;Originalwert: 6.0375 USD/lb;OK
2026-04-23;2026-04-23 08:09:32;Aluminium;Basismetalle;3568.5;USD/MT;3048.21;Yahoo Finance;ALI=F;Originalwert: 3568.5000 USD/MT;OK
2026-04-23;2026-04-23 08:09:32;Zink;Basismetalle;2297.0;USD/MT;1962.1;Yahoo Finance;ZNC=F;Originalwert: 2297.0000 USD/MT;OK
2026-04-23;2026-04-23 08:09:32;Blei;Basismetalle;5442.1;USD/MT;4648.64;Yahoo Finance;LE=F;Originalwert: 246.8500 USX/lb;OK
2026-04-23;2026-04-23 08:09:32;Kurs EUR/USD;Waehrung;1.170686;EUR/USD;;Yahoo Finance;EURUSD=X;;OK
2026-04-23;2026-04-23 08:09:32;Kurs CNY/USD;Waehrung;0.146376;CNY/USD;;Yahoo Finance;CNYUSD=X;;OK
2026-04-23;2026-04-23 08:09:32;Kurs JPY/USD;Waehrung;0.006265;JPY/USD;;Yahoo Finance;JPYUSD=X;;OK
2026-04-24;2026-04-24 08:15:08;Nickel;Basismetalle;18744.75;USD/T;16034.26;Trading Economics;nickel;LME;OK
2026-04-24;2026-04-24 08:15:08;Eisenerz;Rohstoffe;107.06;USD/T;91.58;Trading Economics;iron-ore;62% Fe, CFR China;OK
2026-04-24;2026-04-24 08:15:08;Kokskohle;Energietraeger;230.0;USD/T;196.74;Trading Economics;coking-coal;Premium Hard;OK
2026-04-24;2026-04-24 08:15:08;Kobalt;Basismetalle;56290.0;USD/T;48150.45;Trading Economics;cobalt;;OK
2026-04-24;2026-04-24 08:15:08;Mangan;Legierungen;34.05;CNY/mtu;;Trading Economics;manganese;Erz, CNY/mtu;OK
2026-04-24;2026-04-24 08:15:08;Silizium;Legierungen;8545.0;CNY/T;;Trading Economics;silicon;CNY/T;OK
2026-04-24;2026-04-24 08:15:08;Stahl HRC;Stahlpreise;3129.0;CNY/T;;Trading Economics;steel;Hot-Rolled Coil, CNY/T;OK
2026-04-24;2026-04-24 08:15:08;Wolfram;Legierungen;97.706;USD/mtu;83.58;Trading Economics;tungsten;APT;OK
2026-04-24;2026-04-24 08:15:08;Kupfer;Basismetalle;13254.18;USD/MT;11337.62;Yahoo Finance;HG=F;Originalwert: 6.0120 USD/lb;OK
2026-04-24;2026-04-24 08:15:08;Aluminium;Basismetalle;3559.25;USD/MT;3044.58;Yahoo Finance;ALI=F;Originalwert: 3559.2500 USD/MT;OK
2026-04-24;2026-04-24 08:15:08;Zink;Basismetalle;2297.0;USD/MT;1964.85;Yahoo Finance;ZNC=F;Originalwert: 2297.0000 USD/MT;OK
2026-04-24;2026-04-24 08:15:08;Blei;Basismetalle;5447.06;USD/MT;4659.41;Yahoo Finance;LE=F;Originalwert: 247.0750 USX/lb;OK
2026-04-24;2026-04-24 08:15:08;Kurs EUR/USD;Waehrung;1.169044;EUR/USD;;Yahoo Finance;EURUSD=X;;OK
2026-04-24;2026-04-24 08:15:08;Kurs CNY/USD;Waehrung;0.146329;CNY/USD;;Yahoo Finance;CNYUSD=X;;OK
2026-04-24;2026-04-24 08:15:08;Kurs JPY/USD;Waehrung;0.006262;JPY/USD;;Yahoo Finance;JPYUSD=X;;OK
2026-04-27;2026-04-27 08:16:45;Nickel;Basismetalle;19424.75;USD/T;16534.35;Trading Economics;nickel;LME;OK
2026-04-27;2026-04-27 08:16:45;Eisenerz;Rohstoffe;107.1;USD/T;91.16;Trading Economics;iron-ore;62% Fe, CFR China;OK
2026-04-27;2026-04-27 08:16:45;Kokskohle;Energietraeger;230.0;USD/T;195.78;Trading Economics;coking-coal;Premium Hard;OK
2026-04-27;2026-04-27 08:16:45;Kobalt;Basismetalle;56290.0;USD/T;47914.05;Trading Economics;cobalt;;OK
2026-04-27;2026-04-27 08:16:45;Mangan;Legierungen;34.05;CNY/mtu;;Trading Economics;manganese;Erz, CNY/mtu;OK
2026-04-27;2026-04-27 08:16:45;Silizium;Legierungen;8470.0;CNY/T;;Trading Economics;silicon;CNY/T;OK
2026-04-27;2026-04-27 08:16:45;Stahl HRC;Stahlpreise;3161.0;CNY/T;;Trading Economics;steel;Hot-Rolled Coil, CNY/T;OK
2026-04-27;2026-04-27 08:16:45;Wolfram;Legierungen;96.802;USD/mtu;82.4;Trading Economics;tungsten;APT;OK
2026-04-27;2026-04-27 08:16:45;Kupfer;Basismetalle;13438.26;USD/MT;11438.65;Yahoo Finance;HG=F;Originalwert: 6.0955 USD/lb;OK
2026-04-27;2026-04-27 08:16:45;Aluminium;Basismetalle;3563.0;USD/MT;3032.83;Yahoo Finance;ALI=F;Originalwert: 3563.0000 USD/MT;OK
2026-04-27;2026-04-27 08:16:45;Zink;Basismetalle;2297.0;USD/MT;1955.21;Yahoo Finance;ZNC=F;Originalwert: 2297.0000 USD/MT;OK
2026-04-27;2026-04-27 08:16:45;Blei;Basismetalle;5474.07;USD/MT;4659.53;Yahoo Finance;LE=F;Originalwert: 248.3000 USX/lb;OK
2026-04-27;2026-04-27 08:16:45;Kurs EUR/USD;Waehrung;1.174812;EUR/USD;;Yahoo Finance;EURUSD=X;;OK
2026-04-27;2026-04-27 08:16:45;Kurs CNY/USD;Waehrung;0.146548;CNY/USD;;Yahoo Finance;CNYUSD=X;;OK
2026-04-27;2026-04-27 08:16:45;Kurs JPY/USD;Waehrung;0.006283;JPY/USD;;Yahoo Finance;JPYUSD=X;;OK
2026-04-28;2026-04-28 08:17:12;Nickel;Basismetalle;19188.75;USD/T;16389.11;Trading Economics;nickel;LME;OK
2026-04-28;2026-04-28 08:17:12;Eisenerz;Rohstoffe;107.13;USD/T;91.5;Trading Economics;iron-ore;62% Fe, CFR China;OK
2026-04-28;2026-04-28 08:17:12;Kokskohle;Energietraeger;230.5;USD/T;196.87;Trading Economics;coking-coal;Premium Hard;OK
2026-04-28;2026-04-28 08:17:12;Kobalt;Basismetalle;56290.0;USD/T;48077.29;Trading Economics;cobalt;;OK
2026-04-28;2026-04-28 08:17:12;Mangan;Legierungen;34.05;CNY/mtu;;Trading Economics;manganese;Erz, CNY/mtu;OK
2026-04-28;2026-04-28 08:17:12;Silizium;Legierungen;8510.0;CNY/T;;Trading Economics;silicon;CNY/T;OK
2026-04-28;2026-04-28 08:17:12;Stahl HRC;Stahlpreise;3149.0;CNY/T;;Trading Economics;steel;Hot-Rolled Coil, CNY/T;OK
2026-04-28;2026-04-28 08:17:12;Wolfram;Legierungen;98.91;USD/mtu;84.48;Trading Economics;tungsten;APT;OK
2026-04-28;2026-04-28 08:17:12;Kupfer;Basismetalle;13286.14;USD/MT;11347.69;Yahoo Finance;HG=F;Originalwert: 6.0265 USD/lb;OK
2026-04-28;2026-04-28 08:17:12;Aluminium;Basismetalle;3512.5;USD/MT;3000.03;Yahoo Finance;ALI=F;Originalwert: 3512.5000 USD/MT;OK
2026-04-28;2026-04-28 08:17:12;Zink;Basismetalle;2297.0;USD/MT;1961.87;Yahoo Finance;ZNC=F;Originalwert: 2297.0000 USD/MT;OK
2026-04-28;2026-04-28 08:17:12;Blei;Basismetalle;5520.92;USD/MT;4715.42;Yahoo Finance;LE=F;Originalwert: 250.4250 USX/lb;OK
2026-04-28;2026-04-28 08:17:12;Kurs EUR/USD;Waehrung;1.170823;EUR/USD;;Yahoo Finance;EURUSD=X;;OK
2026-04-28;2026-04-28 08:17:12;Kurs CNY/USD;Waehrung;0.146297;CNY/USD;;Yahoo Finance;CNYUSD=X;;OK
2026-04-28;2026-04-28 08:17:12;Kurs JPY/USD;Waehrung;0.006268;JPY/USD;;Yahoo Finance;JPYUSD=X;;OK
2026-04-29;2026-04-29 08:16:20;Nickel;Basismetalle;19453.0;USD/T;16626.48;Trading Economics;nickel;LME;OK
2026-04-29;2026-04-29 08:16:20;Eisenerz;Rohstoffe;107.12;USD/T;91.56;Trading Economics;iron-ore;62% Fe, CFR China;OK
2026-04-29;2026-04-29 08:16:20;Kokskohle;Energietraeger;231.5;USD/T;197.86;Trading Economics;coking-coal;Premium Hard;OK
2026-04-29;2026-04-29 08:16:20;Kobalt;Basismetalle;56290.0;USD/T;48111.07;Trading Economics;cobalt;;OK
2026-04-29;2026-04-29 08:16:20;Mangan;Legierungen;34.05;CNY/mtu;;Trading Economics;manganese;Erz, CNY/mtu;OK
2026-04-29;2026-04-29 08:16:20;Silizium;Legierungen;8590.0;CNY/T;;Trading Economics;silicon;CNY/T;OK
2026-04-29;2026-04-29 08:16:20;Stahl HRC;Stahlpreise;3152.0;CNY/T;;Trading Economics;steel;Hot-Rolled Coil, CNY/T;OK
2026-04-29;2026-04-29 08:16:20;Wolfram;Legierungen;102.666;USD/mtu;87.75;Trading Economics;tungsten;APT;OK
2026-04-29;2026-04-29 08:16:20;Kupfer;Basismetalle;13239.85;USD/MT;11316.1;Yahoo Finance;HG=F;Originalwert: 6.0055 USD/lb;OK
2026-04-29;2026-04-29 08:16:20;Aluminium;Basismetalle;3513.25;USD/MT;3002.78;Yahoo Finance;ALI=F;Originalwert: 3513.2500 USD/MT;OK
2026-04-29;2026-04-29 08:16:20;Zink;Basismetalle;2297.0;USD/MT;1963.25;Yahoo Finance;ZNC=F;Originalwert: 2297.0000 USD/MT;OK
2026-04-29;2026-04-29 08:16:20;Blei;Basismetalle;5570.52;USD/MT;4761.12;Yahoo Finance;LE=F;Originalwert: 252.6750 USX/lb;OK
2026-04-29;2026-04-29 08:16:20;Kurs EUR/USD;Waehrung;1.170001;EUR/USD;;Yahoo Finance;EURUSD=X;;OK
2026-04-29;2026-04-29 08:16:20;Kurs CNY/USD;Waehrung;0.146361;CNY/USD;;Yahoo Finance;CNYUSD=X;;OK
2026-04-29;2026-04-29 08:16:20;Kurs JPY/USD;Waehrung;0.006261;JPY/USD;;Yahoo Finance;JPYUSD=X;;OK
2026-04-30;2026-04-30 08:16:48;Nickel;Basismetalle;19415.25;USD/T;16605.87;Trading Economics;nickel;LME;OK
2026-04-30;2026-04-30 08:16:48;Eisenerz;Rohstoffe;107.15;USD/T;91.65;Trading Economics;iron-ore;62% Fe, CFR China;OK
2026-04-30;2026-04-30 08:16:48;Kokskohle;Energietraeger;234.5;USD/T;200.57;Trading Economics;coking-coal;Premium Hard;OK
2026-04-30;2026-04-30 08:16:48;Kobalt;Basismetalle;56290.0;USD/T;48144.85;Trading Economics;cobalt;;OK
2026-04-30;2026-04-30 08:16:48;Mangan;Legierungen;34.05;CNY/mtu;;Trading Economics;manganese;Erz, CNY/mtu;OK
2026-04-30;2026-04-30 08:16:48;Silizium;Legierungen;8590.0;CNY/T;;Trading Economics;silicon;CNY/T;OK
2026-04-30;2026-04-30 08:16:48;Stahl HRC;Stahlpreise;3163.0;CNY/T;;Trading Economics;steel;Hot-Rolled Coil, CNY/T;OK
2026-04-30;2026-04-30 08:16:48;Wolfram;Legierungen;108.144;USD/mtu;92.5;Trading Economics;tungsten;APT;OK
2026-04-30;2026-04-30 08:16:48;Kupfer;Basismetalle;13217.8;USD/MT;11305.19;Yahoo Finance;HG=F;Originalwert: 5.9955 USD/lb;OK
2026-04-30;2026-04-30 08:16:48;Aluminium;Basismetalle;3447.25;USD/MT;2948.43;Yahoo Finance;ALI=F;Originalwert: 3447.2500 USD/MT;OK
2026-04-30;2026-04-30 08:16:48;Zink;Basismetalle;2297.0;USD/MT;1964.62;Yahoo Finance;ZNC=F;Originalwert: 2297.0000 USD/MT;OK
2026-04-30;2026-04-30 08:16:48;Blei;Basismetalle;5663.12;USD/MT;4843.67;Yahoo Finance;LE=F;Originalwert: 256.8750 USX/lb;OK
2026-04-30;2026-04-30 08:16:48;Kurs EUR/USD;Waehrung;1.16918;EUR/USD;;Yahoo Finance;EURUSD=X;;OK
2026-04-30;2026-04-30 08:16:48;Kurs CNY/USD;Waehrung;0.146314;CNY/USD;;Yahoo Finance;CNYUSD=X;;OK
2026-04-30;2026-04-30 08:16:48;Kurs JPY/USD;Waehrung;0.006246;JPY/USD;;Yahoo Finance;JPYUSD=X;;OK
2026-05-01;2026-05-01 08:15:28;Nickel;Basismetalle;19584.0;USD/T;16685.57;Trading Economics;nickel;LME;OK
2026-05-01;2026-05-01 08:15:28;Eisenerz;Rohstoffe;107.18;USD/T;91.32;Trading Economics;iron-ore;62% Fe, CFR China;OK
2026-05-01;2026-05-01 08:15:28;Kokskohle;Energietraeger;235.25;USD/T;200.43;Trading Economics;coking-coal;Premium Hard;OK
2026-05-01;2026-05-01 08:15:28;Kobalt;Basismetalle;56290.0;USD/T;47959.08;Trading Economics;cobalt;;OK
2026-05-01;2026-05-01 08:15:28;Mangan;Legierungen;34.05;CNY/mtu;;Trading Economics;manganese;Erz, CNY/mtu;OK
2026-05-01;2026-05-01 08:15:28;Silizium;Legierungen;8590.0;CNY/T;;Trading Economics;silicon;CNY/T;OK
2026-05-01;2026-05-01 08:15:28;Stahl HRC;Stahlpreise;3195.0;CNY/T;;Trading Economics;steel;Hot-Rolled Coil, CNY/T;OK
2026-05-01;2026-05-01 08:15:28;Wolfram;Legierungen;105.385;USD/mtu;89.79;Trading Economics;tungsten;APT;OK
2026-05-01;2026-05-01 08:15:28;Kupfer;Basismetalle;13236.54;USD/MT;11277.53;Yahoo Finance;HG=F;Originalwert: 6.0040 USD/lb;OK
2026-05-01;2026-05-01 08:15:28;Aluminium;Basismetalle;3482.25;USD/MT;2966.88;Yahoo Finance;ALI=F;Originalwert: 3482.2500 USD/MT;OK
2026-05-01;2026-05-01 08:15:28;Zink;Basismetalle;2297.0;USD/MT;1957.04;Yahoo Finance;ZNC=F;Originalwert: 2297.0000 USD/MT;OK
2026-05-01;2026-05-01 08:15:28;Blei;Basismetalle;5698.39;USD/MT;4855.03;Yahoo Finance;LE=F;Originalwert: 258.4750 USX/lb;OK
2026-05-01;2026-05-01 08:15:28;Kurs EUR/USD;Waehrung;1.173709;EUR/USD;;Yahoo Finance;EURUSD=X;;OK
2026-05-01;2026-05-01 08:15:28;Kurs CNY/USD;Waehrung;0.146482;CNY/USD;;Yahoo Finance;CNYUSD=X;;OK
2026-05-01;2026-05-01 08:15:28;Kurs JPY/USD;Waehrung;0.006388;JPY/USD;;Yahoo Finance;JPYUSD=X;;OK
2026-05-04;2026-05-04 08:17:46;Nickel;Basismetalle;19410.0;USD/T;16562.55;Trading Economics;nickel;LME;OK
2026-05-04;2026-05-04 08:17:46;Eisenerz;Rohstoffe;107.86;USD/T;92.04;Trading Economics;iron-ore;62% Fe, CFR China;OK
2026-05-04;2026-05-04 08:17:46;Kokskohle;Energietraeger;237.0;USD/T;202.23;Trading Economics;coking-coal;Premium Hard;OK
2026-05-04;2026-05-04 08:17:46;Kobalt;Basismetalle;56290.0;USD/T;48032.25;Trading Economics;cobalt;;OK
2026-05-04;2026-05-04 08:17:46;Mangan;Legierungen;34.05;CNY/mtu;;Trading Economics;manganese;Erz, CNY/mtu;OK
2026-05-04;2026-05-04 08:17:46;Silizium;Legierungen;8590.0;CNY/T;;Trading Economics;silicon;CNY/T;OK
2026-05-04;2026-05-04 08:17:46;Stahl HRC;Stahlpreise;3195.0;CNY/T;;Trading Economics;steel;Hot-Rolled Coil, CNY/T;OK
2026-05-04;2026-05-04 08:17:46;Wolfram;Legierungen;104.224;USD/mtu;88.93;Trading Economics;tungsten;APT;OK
2026-05-04;2026-05-04 08:17:46;Kupfer;Basismetalle;13096.54;USD/MT;11175.28;Yahoo Finance;HG=F;Originalwert: 5.9405 USD/lb;OK
2026-05-04;2026-05-04 08:17:46;Aluminium;Basismetalle;3465.0;USD/MT;2956.68;Yahoo Finance;ALI=F;Originalwert: 3465.0000 USD/MT;OK
2026-05-04;2026-05-04 08:17:46;Zink;Basismetalle;2297.0;USD/MT;1960.03;Yahoo Finance;ZNC=F;Originalwert: 2297.0000 USD/MT;OK
2026-05-04;2026-05-04 08:17:46;Blei;Basismetalle;5577.69;USD/MT;4759.44;Yahoo Finance;LE=F;Originalwert: 253.0000 USX/lb;OK
2026-05-04;2026-05-04 08:17:46;Kurs EUR/USD;Waehrung;1.171921;EUR/USD;;Yahoo Finance;EURUSD=X;;OK
2026-05-04;2026-05-04 08:17:46;Kurs CNY/USD;Waehrung;0.146475;CNY/USD;;Yahoo Finance;CNYUSD=X;;OK
2026-05-04;2026-05-04 08:17:46;Kurs JPY/USD;Waehrung;0.006371;JPY/USD;;Yahoo Finance;JPYUSD=X;;OK
2026-05-05;2026-05-05 08:15:34;Nickel;Basismetalle;19423.75;USD/T;16607.3;Trading Economics;nickel;LME;OK
2026-05-05;2026-05-05 08:15:34;Eisenerz;Rohstoffe;108.17;USD/T;92.49;Trading Economics;iron-ore;62% Fe, CFR China;OK
2026-05-05;2026-05-05 08:15:34;Kokskohle;Energietraeger;237.0;USD/T;202.63;Trading Economics;coking-coal;Premium Hard;OK
2026-05-05;2026-05-05 08:15:34;Kobalt;Basismetalle;56290.0;USD/T;48127.94;Trading Economics;cobalt;;OK
2026-05-05;2026-05-05 08:15:34;Mangan;Legierungen;34.05;CNY/mtu;;Trading Economics;manganese;Erz, CNY/mtu;OK
2026-05-05;2026-05-05 08:15:34;Silizium;Legierungen;8590.0;CNY/T;;Trading Economics;silicon;CNY/T;OK
2026-05-05;2026-05-05 08:15:34;Stahl HRC;Stahlpreise;3195.0;CNY/T;;Trading Economics;steel;Hot-Rolled Coil, CNY/T;OK
2026-05-05;2026-05-05 08:15:34;Wolfram;Legierungen;104.129;USD/mtu;89.03;Trading Economics;tungsten;APT;OK
2026-05-05;2026-05-05 08:15:34;Kupfer;Basismetalle;13116.39;USD/MT;11214.51;Yahoo Finance;HG=F;Originalwert: 5.9495 USD/lb;OK
2026-05-05;2026-05-05 08:15:34;Aluminium;Basismetalle;3486.0;USD/MT;2980.53;Yahoo Finance;ALI=F;Originalwert: 3486.0000 USD/MT;OK
2026-05-05;2026-05-05 08:15:34;Zink;Basismetalle;2297.0;USD/MT;1963.93;Yahoo Finance;ZNC=F;Originalwert: 2297.0000 USD/MT;OK
2026-05-05;2026-05-05 08:15:34;Blei;Basismetalle;5550.13;USD/MT;4745.36;Yahoo Finance;LE=F;Originalwert: 251.7500 USX/lb;OK
2026-05-05;2026-05-05 08:15:34;Kurs EUR/USD;Waehrung;1.169591;EUR/USD;;Yahoo Finance;EURUSD=X;;OK
2026-05-05;2026-05-05 08:15:34;Kurs CNY/USD;Waehrung;0.146475;CNY/USD;;Yahoo Finance;CNYUSD=X;;OK
2026-05-05;2026-05-05 08:15:34;Kurs JPY/USD;Waehrung;0.006358;JPY/USD;;Yahoo Finance;JPYUSD=X;;OK
2026-05-06;2026-05-06 08:17:25;Nickel;Basismetalle;19877.25;USD/T;16935.42;Trading Economics;nickel;LME;OK
2026-05-06;2026-05-06 08:17:25;Eisenerz;Rohstoffe;108.58;USD/T;92.51;Trading Economics;iron-ore;62% Fe, CFR China;OK
2026-05-06;2026-05-06 08:17:25;Kokskohle;Energietraeger;235.0;USD/T;200.22;Trading Economics;coking-coal;Premium Hard;OK
2026-05-06;2026-05-06 08:17:25;Kobalt;Basismetalle;56290.0;USD/T;47959.08;Trading Economics;cobalt;;OK
2026-05-06;2026-05-06 08:17:25;Mangan;Legierungen;34.05;CNY/mtu;;Trading Economics;manganese;Erz, CNY/mtu;OK
2026-05-06;2026-05-06 08:17:25;Silizium;Legierungen;8785.0;CNY/T;;Trading Economics;silicon;CNY/T;OK
2026-05-06;2026-05-06 08:17:25;Stahl HRC;Stahlpreise;3239.0;CNY/T;;Trading Economics;steel;Hot-Rolled Coil, CNY/T;OK
2026-05-06;2026-05-06 08:17:25;Wolfram;Legierungen;98.556;USD/mtu;83.97;Trading Economics;tungsten;APT;OK
2026-05-06;2026-05-06 08:17:25;Kupfer;Basismetalle;13451.49;USD/MT;11460.67;Yahoo Finance;HG=F;Originalwert: 6.1015 USD/lb;OK
2026-05-06;2026-05-06 08:17:25;Aluminium;Basismetalle;3521.0;USD/MT;2999.89;Yahoo Finance;ALI=F;Originalwert: 3521.0000 USD/MT;OK
2026-05-06;2026-05-06 08:17:25;Zink;Basismetalle;2297.0;USD/MT;1957.04;Yahoo Finance;ZNC=F;Originalwert: 2297.0000 USD/MT;OK
2026-05-06;2026-05-06 08:17:25;Blei;Basismetalle;5582.65;USD/MT;4756.42;Yahoo Finance;LE=F;Originalwert: 253.2250 USX/lb;OK
2026-05-06;2026-05-06 08:17:25;Kurs EUR/USD;Waehrung;1.173709;EUR/USD;;Yahoo Finance;EURUSD=X;;OK
2026-05-06;2026-05-06 08:17:25;Kurs CNY/USD;Waehrung;0.146752;CNY/USD;;Yahoo Finance;CNYUSD=X;;OK
2026-05-06;2026-05-06 08:17:25;Kurs JPY/USD;Waehrung;0.006401;JPY/USD;;Yahoo Finance;JPYUSD=X;;OK
2026-05-07;2026-05-07 08:17:44;Nickel;Basismetalle;19237.5;USD/T;16344.19;Trading Economics;nickel;LME;OK
2026-05-07;2026-05-07 08:17:44;Eisenerz;Rohstoffe;110.86;USD/T;94.19;Trading Economics;iron-ore;62% Fe, CFR China;OK
2026-05-07;2026-05-07 08:17:44;Kokskohle;Energietraeger;237.0;USD/T;201.36;Trading Economics;coking-coal;Premium Hard;OK
2026-05-07;2026-05-07 08:17:44;Kobalt;Basismetalle;56290.0;USD/T;47824.0;Trading Economics;cobalt;;OK
2026-05-07;2026-05-07 08:17:44;Mangan;Legierungen;34.05;CNY/mtu;;Trading Economics;manganese;Erz, CNY/mtu;OK
2026-05-07;2026-05-07 08:17:44;Silizium;Legierungen;8940.0;CNY/T;;Trading Economics;silicon;CNY/T;OK
2026-05-07;2026-05-07 08:17:44;Stahl HRC;Stahlpreise;3246.0;CNY/T;;Trading Economics;steel;Hot-Rolled Coil, CNY/T;OK
2026-05-07;2026-05-07 08:17:44;Wolfram;Legierungen;93.607;USD/mtu;79.53;Trading Economics;tungsten;APT;OK
2026-05-07;2026-05-07 08:17:44;Kupfer;Basismetalle;13736.99;USD/MT;11670.95;Yahoo Finance;HG=F;Originalwert: 6.2310 USD/lb;OK
2026-05-07;2026-05-07 08:17:44;Aluminium;Basismetalle;3456.0;USD/MT;2936.22;Yahoo Finance;ALI=F;Originalwert: 3456.0000 USD/MT;OK
2026-05-07;2026-05-07 08:17:44;Zink;Basismetalle;2297.0;USD/MT;1951.53;Yahoo Finance;ZNC=F;Originalwert: 2297.0000 USD/MT;OK
2026-05-07;2026-05-07 08:17:44;Blei;Basismetalle;5588.16;USD/MT;4747.7;Yahoo Finance;LE=F;Originalwert: 253.4750 USX/lb;OK
2026-05-07;2026-05-07 08:17:44;Kurs EUR/USD;Waehrung;1.177024;EUR/USD;;Yahoo Finance;EURUSD=X;;OK
2026-05-07;2026-05-07 08:17:44;Kurs CNY/USD;Waehrung;0.147044;CNY/USD;;Yahoo Finance;CNYUSD=X;;OK
2026-05-07;2026-05-07 08:17:44;Kurs JPY/USD;Waehrung;0.0064;JPY/USD;;Yahoo Finance;JPYUSD=X;;OK
2026-05-08;2026-05-08 08:03:13;Nickel;Basismetalle;18986.75;USD/T;16163.42;Trading Economics;nickel;LME;OK
2026-05-08;2026-05-08 08:03:13;Eisenerz;Rohstoffe;110.95;USD/T;94.45;Trading Economics;iron-ore;62% Fe, CFR China;OK
2026-05-08;2026-05-08 08:03:13;Kokskohle;Energietraeger;240.5;USD/T;204.74;Trading Economics;coking-coal;Premium Hard;OK
2026-05-08;2026-05-08 08:03:13;Kobalt;Basismetalle;56290.0;USD/T;47919.68;Trading Economics;cobalt;;OK
2026-05-08;2026-05-08 08:03:13;Mangan;Legierungen;34.05;CNY/mtu;;Trading Economics;manganese;Erz, CNY/mtu;OK
2026-05-08;2026-05-08 08:03:13;Silizium;Legierungen;8895.0;CNY/T;;Trading Economics;silicon;CNY/T;OK
2026-05-08;2026-05-08 08:03:13;Stahl HRC;Stahlpreise;3250.0;CNY/T;;Trading Economics;steel;Hot-Rolled Coil, CNY/T;OK
2026-05-08;2026-05-08 08:03:13;Wolfram;Legierungen;95.271;USD/mtu;81.1;Trading Economics;tungsten;APT;OK
2026-05-08;2026-05-08 08:03:13;Kupfer;Basismetalle;13849.42;USD/MT;11790.01;Yahoo Finance;HG=F;Originalwert: 6.2820 USD/lb;OK
2026-05-08;2026-05-08 08:03:13;Aluminium;Basismetalle;3461.5;USD/MT;2946.78;Yahoo Finance;ALI=F;Originalwert: 3461.5000 USD/MT;OK
2026-05-08;2026-05-08 08:03:13;Zink;Basismetalle;2297.0;USD/MT;1955.44;Yahoo Finance;ZNC=F;Originalwert: 2297.0000 USD/MT;OK
2026-05-08;2026-05-08 08:03:13;Blei;Basismetalle;5512.65;USD/MT;4692.92;Yahoo Finance;LE=F;Originalwert: 250.0500 USX/lb;OK
2026-05-08;2026-05-08 08:03:13;Kurs EUR/USD;Waehrung;1.174674;EUR/USD;;Yahoo Finance;EURUSD=X;;OK
2026-05-08;2026-05-08 08:03:13;Kurs CNY/USD;Waehrung;0.147011;CNY/USD;;Yahoo Finance;CNYUSD=X;;OK
2026-05-08;2026-05-08 08:03:13;Kurs JPY/USD;Waehrung;0.006376;JPY/USD;;Yahoo Finance;JPYUSD=X;;OK
2026-05-11;2026-05-11 08:37:40;Nickel;Basismetalle;19109.75;USD/T;16218.44;Trading Economics;nickel;LME;OK
2026-05-11;2026-05-11 08:37:40;Eisenerz;Rohstoffe;110.93;USD/T;94.15;Trading Economics;iron-ore;62% Fe, CFR China;OK
2026-05-11;2026-05-11 08:37:40;Kokskohle;Energietraeger;240.5;USD/T;204.11;Trading Economics;coking-coal;Premium Hard;OK
2026-05-11;2026-05-11 08:37:40;Kobalt;Basismetalle;56290.0;USD/T;47773.31;Trading Economics;cobalt;;OK
2026-05-11;2026-05-11 08:37:40;Mangan;Legierungen;33.55;CNY/mtu;;Trading Economics;manganese;Erz, CNY/mtu;OK
2026-05-11;2026-05-11 08:37:40;Silizium;Legierungen;8975.0;CNY/T;;Trading Economics;silicon;CNY/T;OK
2026-05-11;2026-05-11 08:37:40;Stahl HRC;Stahlpreise;3249.0;CNY/T;;Trading Economics;steel;Hot-Rolled Coil, CNY/T;OK
2026-05-11;2026-05-11 08:37:40;Wolfram;Legierungen;97.395;USD/mtu;82.66;Trading Economics;tungsten;APT;OK
2026-05-11;2026-05-11 08:37:40;Kupfer;Basismetalle;13972.88;USD/MT;11858.78;Yahoo Finance;HG=F;Originalwert: 6.3380 USD/lb;OK
2026-05-11;2026-05-11 08:37:40;Aluminium;Basismetalle;3490.0;USD/MT;2961.96;Yahoo Finance;ALI=F;Originalwert: 3490.0000 USD/MT;OK
2026-05-11;2026-05-11 08:37:40;Zink;Basismetalle;2297.0;USD/MT;1949.46;Yahoo Finance;ZNC=F;Originalwert: 2297.0000 USD/MT;OK
2026-05-11;2026-05-11 08:37:40;Blei;Basismetalle;5487.3;USD/MT;4657.07;Yahoo Finance;LE=F;Originalwert: 248.9000 USX/lb;OK
2026-05-11;2026-05-11 08:37:40;Kurs EUR/USD;Waehrung;1.178273;EUR/USD;;Yahoo Finance;EURUSD=X;;OK
2026-05-11;2026-05-11 08:37:40;Kurs CNY/USD;Waehrung;0.14718;CNY/USD;;Yahoo Finance;CNYUSD=X;;OK
2026-05-11;2026-05-11 08:37:40;Kurs JPY/USD;Waehrung;0.006371;JPY/USD;;Yahoo Finance;JPYUSD=X;;OK
2026-05-12;2026-05-12 08:18:27;Nickel;Basismetalle;18850.5;USD/T;16043.66;Trading Economics;nickel;LME;OK
2026-05-12;2026-05-12 08:18:27;Eisenerz;Rohstoffe;111.42;USD/T;94.83;Trading Economics;iron-ore;62% Fe, CFR China;OK
2026-05-12;2026-05-12 08:18:27;Kokskohle;Energietraeger;239.25;USD/T;203.63;Trading Economics;coking-coal;Premium Hard;OK
2026-05-12;2026-05-12 08:18:27;Kobalt;Basismetalle;56290.0;USD/T;47908.42;Trading Economics;cobalt;;OK
2026-05-12;2026-05-12 08:18:27;Mangan;Legierungen;33.45;CNY/mtu;;Trading Economics;manganese;Erz, CNY/mtu;OK
2026-05-12;2026-05-12 08:18:27;Silizium;Legierungen;8635.0;CNY/T;;Trading Economics;silicon;CNY/T;OK
2026-05-12;2026-05-12 08:18:27;Stahl HRC;Stahlpreise;3219.0;CNY/T;;Trading Economics;steel;Hot-Rolled Coil, CNY/T;OK
2026-05-12;2026-05-12 08:18:27;Wolfram;Legierungen;101.37;USD/mtu;86.28;Trading Economics;tungsten;APT;OK
2026-05-12;2026-05-12 08:18:27;Kupfer;Basismetalle;14264.99;USD/MT;12140.93;Yahoo Finance;HG=F;Originalwert: 6.4705 USD/lb;OK
2026-05-12;2026-05-12 08:18:27;Aluminium;Basismetalle;3506.75;USD/MT;2984.6;Yahoo Finance;ALI=F;Originalwert: 3506.7500 USD/MT;OK
2026-05-12;2026-05-12 08:18:27;Zink;Basismetalle;2297.0;USD/MT;1954.98;Yahoo Finance;ZNC=F;Originalwert: 2297.0000 USD/MT;OK
2026-05-12;2026-05-12 08:18:27;Blei;Basismetalle;5498.32;USD/MT;4679.62;Yahoo Finance;LE=F;Originalwert: 249.4000 USX/lb;OK
2026-05-12;2026-05-12 08:18:27;Kurs EUR/USD;Waehrung;1.17495;EUR/USD;;Yahoo Finance;EURUSD=X;;OK
2026-05-12;2026-05-12 08:18:27;Kurs CNY/USD;Waehrung;0.147202;CNY/USD;;Yahoo Finance;CNYUSD=X;;OK
2026-05-12;2026-05-12 08:18:27;Kurs JPY/USD;Waehrung;0.006347;JPY/USD;;Yahoo Finance;JPYUSD=X;;OK
2026-05-13;2026-05-13 08:23:33;Nickel;Basismetalle;19135.38;USD/T;16335.87;Trading Economics;nickel;LME;OK
2026-05-13;2026-05-13 08:23:33;Eisenerz;Rohstoffe;111.11;USD/T;94.85;Trading Economics;iron-ore;62% Fe, CFR China;OK
2026-05-13;2026-05-13 08:23:33;Kokskohle;Energietraeger;238.0;USD/T;203.18;Trading Economics;coking-coal;Premium Hard;OK
2026-05-13;2026-05-13 08:23:33;Kobalt;Basismetalle;56290.0;USD/T;48054.76;Trading Economics;cobalt;;OK
2026-05-13;2026-05-13 08:23:33;Mangan;Legierungen;33.45;CNY/mtu;;Trading Economics;manganese;Erz, CNY/mtu;OK
2026-05-13;2026-05-13 08:23:33;Silizium;Legierungen;8585.0;CNY/T;;Trading Economics;silicon;CNY/T;OK
2026-05-13;2026-05-13 08:23:33;Stahl HRC;Stahlpreise;3214.0;CNY/T;;Trading Economics;steel;Hot-Rolled Coil, CNY/T;OK
2026-05-13;2026-05-13 08:23:33;Wolfram;Legierungen;101.168;USD/mtu;86.37;Trading Economics;tungsten;APT;OK
2026-05-13;2026-05-13 08:23:33;Kupfer;Basismetalle;14660.72;USD/MT;12515.85;Yahoo Finance;HG=F;Originalwert: 6.6500 USD/lb;OK
2026-05-13;2026-05-13 08:23:33;Aluminium;Basismetalle;3597.5;USD/MT;3071.18;Yahoo Finance;ALI=F;Originalwert: 3597.5000 USD/MT;OK
2026-05-13;2026-05-13 08:23:33;Zink;Basismetalle;2297.0;USD/MT;1960.95;Yahoo Finance;ZNC=F;Originalwert: 2297.0000 USD/MT;OK
2026-05-13;2026-05-13 08:23:33;Blei;Basismetalle;5460.84;USD/MT;4661.92;Yahoo Finance;LE=F;Originalwert: 247.7000 USX/lb;OK
2026-05-13;2026-05-13 08:23:33;Kurs EUR/USD;Waehrung;1.171372;EUR/USD;;Yahoo Finance;EURUSD=X;;OK
2026-05-13;2026-05-13 08:23:33;Kurs CNY/USD;Waehrung;0.14728;CNY/USD;;Yahoo Finance;CNYUSD=X;;OK
2026-05-13;2026-05-13 08:23:33;Kurs JPY/USD;Waehrung;0.006338;JPY/USD;;Yahoo Finance;JPYUSD=X;;OK
2026-05-14;2026-05-14 08:19:36;Nickel;Basismetalle;18912.5;USD/T;16145.6;Trading Economics;nickel;LME;OK
2026-05-14;2026-05-14 08:19:36;Eisenerz;Rohstoffe;111.28;USD/T;95.0;Trading Economics;iron-ore;62% Fe, CFR China;OK
2026-05-14;2026-05-14 08:19:36;Kokskohle;Energietraeger;237.0;USD/T;202.33;Trading Economics;coking-coal;Premium Hard;OK
2026-05-14;2026-05-14 08:19:36;Kobalt;Basismetalle;56290.0;USD/T;48054.76;Trading Economics;cobalt;;OK
2026-05-14;2026-05-14 08:19:36;Mangan;Legierungen;33.45;CNY/mtu;;Trading Economics;manganese;Erz, CNY/mtu;OK
2026-05-14;2026-05-14 08:19:36;Silizium;Legierungen;8530.0;CNY/T;;Trading Economics;silicon;CNY/T;OK
2026-05-14;2026-05-14 08:19:36;Stahl HRC;Stahlpreise;3231.0;CNY/T;;Trading Economics;steel;Hot-Rolled Coil, CNY/T;OK
2026-05-14;2026-05-14 08:19:36;Wolfram;Legierungen;101.909;USD/mtu;87.0;Trading Economics;tungsten;APT;OK
2026-05-14;2026-05-14 08:19:36;Kupfer;Basismetalle;14561.52;USD/MT;12431.17;Yahoo Finance;HG=F;Originalwert: 6.6050 USD/lb;OK
2026-05-14;2026-05-14 08:19:36;Aluminium;Basismetalle;3642.0;USD/MT;3109.17;Yahoo Finance;ALI=F;Originalwert: 3642.0000 USD/MT;OK
2026-05-14;2026-05-14 08:19:36;Zink;Basismetalle;2297.0;USD/MT;1960.95;Yahoo Finance;ZNC=F;Originalwert: 2297.0000 USD/MT;OK
2026-05-14;2026-05-14 08:19:36;Blei;Basismetalle;5573.28;USD/MT;4757.91;Yahoo Finance;LE=F;Originalwert: 252.8000 USX/lb;OK
2026-05-14;2026-05-14 08:19:36;Kurs EUR/USD;Waehrung;1.171372;EUR/USD;;Yahoo Finance;EURUSD=X;;OK
2026-05-14;2026-05-14 08:19:36;Kurs CNY/USD;Waehrung;0.147369;CNY/USD;;Yahoo Finance;CNYUSD=X;;OK
2026-05-14;2026-05-14 08:19:36;Kurs JPY/USD;Waehrung;0.006334;JPY/USD;;Yahoo Finance;JPYUSD=X;;OK
2026-05-15;2026-05-15 08:26:27;Nickel;Basismetalle;18585.25;USD/T;15970.3;Trading Economics;nickel;LME;OK
2026-05-15;2026-05-15 08:26:27;Eisenerz;Rohstoffe;111.12;USD/T;95.49;Trading Economics;iron-ore;62% Fe, CFR China;OK
2026-05-15;2026-05-15 08:26:27;Kokskohle;Energietraeger;239.67;USD/T;205.95;Trading Economics;coking-coal;Premium Hard;OK
2026-05-15;2026-05-15 08:26:27;Kobalt;Basismetalle;56290.0;USD/T;48369.99;Trading Economics;cobalt;;OK
2026-05-15;2026-05-15 08:26:27;Mangan;Legierungen;33.45;CNY/mtu;;Trading Economics;manganese;Erz, CNY/mtu;OK
2026-05-15;2026-05-15 08:26:27;Silizium;Legierungen;8350.0;CNY/T;;Trading Economics;silicon;CNY/T;OK
2026-05-15;2026-05-15 08:26:27;Stahl HRC;Stahlpreise;3219.0;CNY/T;;Trading Economics;steel;Hot-Rolled Coil, CNY/T;OK
2026-05-15;2026-05-15 08:26:27;Wolfram;Legierungen;104.775;USD/mtu;90.03;Trading Economics;tungsten;APT;OK
2026-05-15;2026-05-15 08:26:27;Kupfer;Basismetalle;13971.78;USD/MT;12005.95;Yahoo Finance;HG=F;Originalwert: 6.3375 USD/lb;OK
2026-05-15;2026-05-15 08:26:27;Aluminium;Basismetalle;3530.25;USD/MT;3033.54;Yahoo Finance;ALI=F;Originalwert: 3530.2500 USD/MT;OK
2026-05-15;2026-05-15 08:26:27;Zink;Basismetalle;2297.0;USD/MT;1973.81;Yahoo Finance;ZNC=F;Originalwert: 2297.0000 USD/MT;OK
2026-05-15;2026-05-15 08:26:27;Blei;Basismetalle;5557.3;USD/MT;4775.39;Yahoo Finance;LE=F;Originalwert: 252.0750 USX/lb;OK
2026-05-15;2026-05-15 08:26:27;Kurs EUR/USD;Waehrung;1.163738;EUR/USD;;Yahoo Finance;EURUSD=X;;OK
2026-05-15;2026-05-15 08:26:27;Kurs CNY/USD;Waehrung;0.14697;CNY/USD;;Yahoo Finance;CNYUSD=X;;OK
2026-05-15;2026-05-15 08:26:27;Kurs JPY/USD;Waehrung;0.006311;JPY/USD;;Yahoo Finance;JPYUSD=X;;OK
2026-05-18;2026-05-18 08:45:53;Nickel;Basismetalle;18556.5;USD/T;15940.04;Trading Economics;nickel;LME;OK
2026-05-18;2026-05-18 08:45:53;Eisenerz;Rohstoffe;110.77;USD/T;95.15;Trading Economics;iron-ore;62% Fe, CFR China;OK
2026-05-18;2026-05-18 08:45:53;Kokskohle;Energietraeger;239.5;USD/T;205.73;Trading Economics;coking-coal;Premium Hard;OK
2026-05-18;2026-05-18 08:45:53;Kobalt;Basismetalle;56290.0;USD/T;48353.12;Trading Economics;cobalt;;OK
2026-05-18;2026-05-18 08:45:53;Mangan;Legierungen;33.45;CNY/mtu;;Trading Economics;manganese;Erz, CNY/mtu;OK
2026-05-18;2026-05-18 08:45:53;Silizium;Legierungen;8310.0;CNY/T;;Trading Economics;silicon;CNY/T;OK
2026-05-18;2026-05-18 08:45:53;Stahl HRC;Stahlpreise;3189.0;CNY/T;;Trading Economics;steel;Hot-Rolled Coil, CNY/T;OK
2026-05-18;2026-05-18 08:45:53;Wolfram;Legierungen;106.384;USD/mtu;91.38;Trading Economics;tungsten;APT;OK
2026-05-18;2026-05-18 08:45:53;Kupfer;Basismetalle;13783.28;USD/MT;11839.84;Yahoo Finance;HG=F;Originalwert: 6.2520 USD/lb;OK
2026-05-18;2026-05-18 08:45:53;Aluminium;Basismetalle;3518.5;USD/MT;3022.39;Yahoo Finance;ALI=F;Originalwert: 3518.5000 USD/MT;OK
2026-05-18;2026-05-18 08:45:53;Zink;Basismetalle;2297.0;USD/MT;1973.12;Yahoo Finance;ZNC=F;Originalwert: 2297.0000 USD/MT;OK
2026-05-18;2026-05-18 08:45:53;Blei;Basismetalle;5597.53;USD/MT;4808.28;Yahoo Finance;LE=F;Originalwert: 253.9000 USX/lb;OK
2026-05-18;2026-05-18 08:45:53;Kurs EUR/USD;Waehrung;1.164144;EUR/USD;;Yahoo Finance;EURUSD=X;;OK
2026-05-18;2026-05-18 08:45:53;Kurs CNY/USD;Waehrung;0.14713;CNY/USD;;Yahoo Finance;CNYUSD=X;;OK
2026-05-18;2026-05-18 08:45:53;Kurs JPY/USD;Waehrung;0.006294;JPY/USD;;Yahoo Finance;JPYUSD=X;;OK
2026-05-19;2026-05-19 08:38:26;Nickel;Basismetalle;18928.5;USD/T;16269.05;Trading Economics;nickel;LME;OK
2026-05-19;2026-05-19 08:38:26;Eisenerz;Rohstoffe;110.54;USD/T;95.01;Trading Economics;iron-ore;62% Fe, CFR China;OK
2026-05-19;2026-05-19 08:38:26;Kokskohle;Energietraeger;238.0;USD/T;204.56;Trading Economics;coking-coal;Premium Hard;OK
2026-05-19;2026-05-19 08:38:26;Kobalt;Basismetalle;56290.0;USD/T;48381.26;Trading Economics;cobalt;;OK
2026-05-19;2026-05-19 08:38:26;Mangan;Legierungen;33.45;CNY/mtu;;Trading Economics;manganese;Erz, CNY/mtu;OK
2026-05-19;2026-05-19 08:38:26;Silizium;Legierungen;8295.0;CNY/T;;Trading Economics;silicon;CNY/T;OK
2026-05-19;2026-05-19 08:38:26;Stahl HRC;Stahlpreise;3184.0;CNY/T;;Trading Economics;steel;Hot-Rolled Coil, CNY/T;OK
2026-05-19;2026-05-19 08:38:26;Wolfram;Legierungen;103.217;USD/mtu;88.72;Trading Economics;tungsten;APT;OK
2026-05-19;2026-05-19 08:38:26;Kupfer;Basismetalle;13781.08;USD/MT;11844.84;Yahoo Finance;HG=F;Originalwert: 6.2510 USD/lb;OK
2026-05-19;2026-05-19 08:38:26;Aluminium;Basismetalle;3527.0;USD/MT;3031.46;Yahoo Finance;ALI=F;Originalwert: 3527.0000 USD/MT;OK
2026-05-19;2026-05-19 08:38:26;Zink;Basismetalle;2297.0;USD/MT;1974.27;Yahoo Finance;ZNC=F;Originalwert: 2297.0000 USD/MT;OK
2026-05-19;2026-05-19 08:38:26;Blei;Basismetalle;5585.96;USD/MT;4801.13;Yahoo Finance;LE=F;Originalwert: 253.3750 USX/lb;OK
2026-05-19;2026-05-19 08:38:26;Kurs EUR/USD;Waehrung;1.163467;EUR/USD;;Yahoo Finance;EURUSD=X;;OK
2026-05-19;2026-05-19 08:38:26;Kurs CNY/USD;Waehrung;0.147026;CNY/USD;;Yahoo Finance;CNYUSD=X;;OK
2026-05-19;2026-05-19 08:38:26;Kurs JPY/USD;Waehrung;0.006286;JPY/USD;;Yahoo Finance;JPYUSD=X;;OK
2026-05-20;2026-05-20 08:36:49;Nickel;Basismetalle;18768.0;USD/T;16191.15;Trading Economics;nickel;LME;OK
2026-05-20;2026-05-20 08:36:49;Eisenerz;Rohstoffe;110.33;USD/T;95.18;Trading Economics;iron-ore;62% Fe, CFR China;OK
2026-05-20;2026-05-20 08:36:49;Kokskohle;Energietraeger;238.0;USD/T;205.32;Trading Economics;coking-coal;Premium Hard;OK
2026-05-20;2026-05-20 08:36:49;Kobalt;Basismetalle;56290.0;USD/T;48561.36;Trading Economics;cobalt;;OK
2026-05-20;2026-05-20 08:36:49;Mangan;Legierungen;33.45;CNY/mtu;;Trading Economics;manganese;Erz, CNY/mtu;OK
2026-05-20;2026-05-20 08:36:49;Silizium;Legierungen;8330.0;CNY/T;;Trading Economics;silicon;CNY/T;OK
2026-05-20;2026-05-20 08:36:49;Stahl HRC;Stahlpreise;3174.0;CNY/T;;Trading Economics;steel;Hot-Rolled Coil, CNY/T;OK
2026-05-20;2026-05-20 08:36:49;Wolfram;Legierungen;102.786;USD/mtu;88.67;Trading Economics;tungsten;APT;OK
2026-05-20;2026-05-20 08:36:49;Kupfer;Basismetalle;13729.27;USD/MT;11844.24;Yahoo Finance;HG=F;Originalwert: 6.2275 USD/lb;OK
2026-05-20;2026-05-20 08:36:49;Aluminium;Basismetalle;3548.0;USD/MT;3060.86;Yahoo Finance;ALI=F;Originalwert: 3548.0000 USD/MT;OK
2026-05-20;2026-05-20 08:36:49;Zink;Basismetalle;2297.0;USD/MT;1981.62;Yahoo Finance;ZNC=F;Originalwert: 2297.0000 USD/MT;OK
2026-05-20;2026-05-20 08:36:49;Blei;Basismetalle;5611.86;USD/MT;4841.35;Yahoo Finance;LE=F;Originalwert: 254.5500 USX/lb;OK
2026-05-20;2026-05-20 08:36:49;Kurs EUR/USD;Waehrung;1.159152;EUR/USD;;Yahoo Finance;EURUSD=X;;OK
2026-05-20;2026-05-20 08:36:49;Kurs CNY/USD;Waehrung;0.146953;CNY/USD;;Yahoo Finance;CNYUSD=X;;OK
2026-05-20;2026-05-20 08:36:49;Kurs JPY/USD;Waehrung;0.006287;JPY/USD;;Yahoo Finance;JPYUSD=X;;OK
2026-05-21;2026-05-21 08:41:38;Nickel;Basismetalle;18770.38;USD/T;16140.65;Trading Economics;nickel;LME;OK
2026-05-21;2026-05-21 08:41:38;Eisenerz;Rohstoffe;110.09;USD/T;94.67;Trading Economics;iron-ore;62% Fe, CFR China;OK
2026-05-21;2026-05-21 08:41:38;Kokskohle;Energietraeger;236.75;USD/T;203.58;Trading Economics;coking-coal;Premium Hard;OK
2026-05-21;2026-05-21 08:41:38;Kobalt;Basismetalle;56290.0;USD/T;48403.77;Trading Economics;cobalt;;OK
2026-05-21;2026-05-21 08:41:38;Mangan;Legierungen;33.45;CNY/mtu;;Trading Economics;manganese;Erz, CNY/mtu;OK
2026-05-21;2026-05-21 08:41:38;Silizium;Legierungen;8310.0;CNY/T;;Trading Economics;silicon;CNY/T;OK
2026-05-21;2026-05-21 08:41:38;Stahl HRC;Stahlpreise;3169.0;CNY/T;;Trading Economics;steel;Hot-Rolled Coil, CNY/T;OK
2026-05-21;2026-05-21 08:41:38;Wolfram;Legierungen;98.628;USD/mtu;84.81;Trading Economics;tungsten;APT;OK
2026-05-21;2026-05-21 08:41:38;Kupfer;Basismetalle;13833.99;USD/MT;11895.85;Yahoo Finance;HG=F;Originalwert: 6.2750 USD/lb;OK
2026-05-21;2026-05-21 08:41:38;Aluminium;Basismetalle;3618.0;USD/MT;3111.12;Yahoo Finance;ALI=F;Originalwert: 3618.0000 USD/MT;OK
2026-05-21;2026-05-21 08:41:38;Zink;Basismetalle;2297.0;USD/MT;1975.19;Yahoo Finance;ZNC=F;Originalwert: 2297.0000 USD/MT;OK
2026-05-21;2026-05-21 08:41:38;Blei;Basismetalle;5583.75;USD/MT;4801.47;Yahoo Finance;LE=F;Originalwert: 253.2750 USX/lb;OK
2026-05-21;2026-05-21 08:41:38;Kurs EUR/USD;Waehrung;1.162926;EUR/USD;;Yahoo Finance;EURUSD=X;;OK
2026-05-21;2026-05-21 08:41:38;Kurs CNY/USD;Waehrung;0.147163;CNY/USD;;Yahoo Finance;CNYUSD=X;;OK
2026-05-21;2026-05-21 08:41:38;Kurs JPY/USD;Waehrung;0.00629;JPY/USD;;Yahoo Finance;JPYUSD=X;;OK
2026-05-22;2026-05-22 08:34:37;Nickel;Basismetalle;18749.88;USD/T;16145.53;Trading Economics;nickel;LME;OK
2026-05-22;2026-05-22 08:34:37;Eisenerz;Rohstoffe;109.79;USD/T;94.54;Trading Economics;iron-ore;62% Fe, CFR China;OK
2026-05-22;2026-05-22 08:34:37;Kokskohle;Energietraeger;236.0;USD/T;203.22;Trading Economics;coking-coal;Premium Hard;OK
2026-05-22;2026-05-22 08:34:37;Kobalt;Basismetalle;56290.0;USD/T;48471.33;Trading Economics;cobalt;;OK
2026-05-22;2026-05-22 08:34:37;Mangan;Legierungen;33.45;CNY/mtu;;Trading Economics;manganese;Erz, CNY/mtu;OK
2026-05-22;2026-05-22 08:34:37;Silizium;Legierungen;8310.0;CNY/T;;Trading Economics;silicon;CNY/T;OK
2026-05-22;2026-05-22 08:34:37;Stahl HRC;Stahlpreise;3166.0;CNY/T;;Trading Economics;steel;Hot-Rolled Coil, CNY/T;OK
2026-05-22;2026-05-22 08:34:37;Wolfram;Legierungen;98.76;USD/mtu;85.04;Trading Economics;tungsten;APT;OK
2026-05-22;2026-05-22 08:34:37;Kupfer;Basismetalle;14062.17;USD/MT;12108.94;Yahoo Finance;HG=F;Originalwert: 6.3785 USD/lb;OK
2026-05-22;2026-05-22 08:34:37;Aluminium;Basismetalle;3632.5;USD/MT;3127.95;Yahoo Finance;ALI=F;Originalwert: 3632.5000 USD/MT;OK
2026-05-22;2026-05-22 08:34:37;Zink;Basismetalle;2297.0;USD/MT;1977.95;Yahoo Finance;ZNC=F;Originalwert: 2297.0000 USD/MT;OK
2026-05-22;2026-05-22 08:34:37;Blei;Basismetalle;5492.81;USD/MT;4729.86;Yahoo Finance;LE=F;Originalwert: 249.1500 USX/lb;OK
2026-05-22;2026-05-22 08:34:37;Kurs EUR/USD;Waehrung;1.161305;EUR/USD;;Yahoo Finance;EURUSD=X;;OK
2026-05-22;2026-05-22 08:34:37;Kurs CNY/USD;Waehrung;0.147197;CNY/USD;;Yahoo Finance;CNYUSD=X;;OK
2026-05-22;2026-05-22 08:34:37;Kurs JPY/USD;Waehrung;0.006285;JPY/USD;;Yahoo Finance;JPYUSD=X;;OK
2026-05-25;2026-05-25 08:48:29;Nickel;Basismetalle;18880.0;USD/T;16210.36;Trading Economics;nickel;LME;OK
2026-05-25;2026-05-25 08:48:29;Eisenerz;Rohstoffe;109.67;USD/T;94.16;Trading Economics;iron-ore;62% Fe, CFR China;OK
2026-05-25;2026-05-25 08:48:29;Kokskohle;Energietraeger;236.0;USD/T;202.63;Trading Economics;coking-coal;Premium Hard;OK
2026-05-25;2026-05-25 08:48:29;Kobalt;Basismetalle;56290.0;USD/T;48330.58;Trading Economics;cobalt;;OK
2026-05-25;2026-05-25 08:48:29;Mangan;Legierungen;33.45;CNY/mtu;;Trading Economics;manganese;Erz, CNY/mtu;OK
2026-05-25;2026-05-25 08:48:29;Silizium;Legierungen;8425.0;CNY/T;;Trading Economics;silicon;CNY/T;OK
2026-05-25;2026-05-25 08:48:29;Stahl HRC;Stahlpreise;3210.0;CNY/T;;Trading Economics;steel;Hot-Rolled Coil, CNY/T;OK
2026-05-25;2026-05-25 08:48:29;Wolfram;Legierungen;92.048;USD/mtu;79.03;Trading Economics;tungsten;APT;OK
2026-05-25;2026-05-25 08:48:29;Kupfer;Basismetalle;14063.27;USD/MT;12074.72;Yahoo Finance;HG=F;Originalwert: 6.3790 USD/lb;OK
2026-05-25;2026-05-25 08:48:29;Aluminium;Basismetalle;3628.5;USD/MT;3115.43;Yahoo Finance;ALI=F;Originalwert: 3628.5000 USD/MT;OK
2026-05-25;2026-05-25 08:48:29;Zink;Basismetalle;2297.0;USD/MT;1972.2;Yahoo Finance;ZNC=F;Originalwert: 2297.0000 USD/MT;OK
2026-05-25;2026-05-25 08:48:29;Blei;Basismetalle;5496.12;USD/MT;4718.97;Yahoo Finance;LE=F;Originalwert: 249.3000 USX/lb;OK
2026-05-25;2026-05-25 08:48:29;Kurs EUR/USD;Waehrung;1.164687;EUR/USD;;Yahoo Finance;EURUSD=X;;OK
2026-05-25;2026-05-25 08:48:29;Kurs CNY/USD;Waehrung;0.147447;CNY/USD;;Yahoo Finance;CNYUSD=X;;OK
2026-05-25;2026-05-25 08:48:29;Kurs JPY/USD;Waehrung;0.006293;JPY/USD;;Yahoo Finance;JPYUSD=X;;OK
2026-05-26;2026-05-26 08:41:07;Nickel;Basismetalle;18659.88;USD/T;16028.84;Trading Economics;nickel;LME;OK
2026-05-26;2026-05-26 08:41:07;Eisenerz;Rohstoffe;109.67;USD/T;94.21;Trading Economics;iron-ore;62% Fe, CFR China;OK
2026-05-26;2026-05-26 08:41:07;Kokskohle;Energietraeger;247.0;USD/T;212.17;Trading Economics;coking-coal;Premium Hard;OK
2026-05-26;2026-05-26 08:41:07;Kobalt;Basismetalle;56290.0;USD/T;48353.12;Trading Economics;cobalt;;OK
2026-05-26;2026-05-26 08:41:07;Mangan;Legierungen;33.25;CNY/mtu;;Trading Economics;manganese;Erz, CNY/mtu;OK
2026-05-26;2026-05-26 08:41:07;Silizium;Legierungen;8410.0;CNY/T;;Trading Economics;silicon;CNY/T;OK
2026-05-26;2026-05-26 08:41:07;Stahl HRC;Stahlpreise;3163.0;CNY/T;;Trading Economics;steel;Hot-Rolled Coil, CNY/T;OK
2026-05-26;2026-05-26 08:41:07;Wolfram;Legierungen;93.154;USD/mtu;80.02;Trading Economics;tungsten;APT;OK
2026-05-26;2026-05-26 08:41:07;Kupfer;Basismetalle;14089.73;USD/MT;12103.08;Yahoo Finance;HG=F;Originalwert: 6.3910 USD/lb;OK
2026-05-26;2026-05-26 08:41:07;Aluminium;Basismetalle;3681.0;USD/MT;3161.98;Yahoo Finance;ALI=F;Originalwert: 3681.0000 USD/MT;OK
2026-05-26;2026-05-26 08:41:07;Zink;Basismetalle;2297.0;USD/MT;1973.12;Yahoo Finance;ZNC=F;Originalwert: 2297.0000 USD/MT;OK
2026-05-26;2026-05-26 08:41:07;Blei;Basismetalle;5496.12;USD/MT;4721.17;Yahoo Finance;LE=F;Originalwert: 249.3000 USX/lb;OK
2026-05-26;2026-05-26 08:41:07;Kurs EUR/USD;Waehrung;1.164144;EUR/USD;;Yahoo Finance;EURUSD=X;;OK
2026-05-26;2026-05-26 08:41:07;Kurs CNY/USD;Waehrung;0.147351;CNY/USD;;Yahoo Finance;CNYUSD=X;;OK
2026-05-26;2026-05-26 08:41:07;Kurs JPY/USD;Waehrung;0.006281;JPY/USD;;Yahoo Finance;JPYUSD=X;;OK
2026-05-27;2026-05-27 08:44:22;Nickel;Basismetalle;18958.63;USD/T;16275.99;Trading Economics;nickel;LME;OK
2026-05-27;2026-05-27 08:44:22;Eisenerz;Rohstoffe;109.26;USD/T;93.8;Trading Economics;iron-ore;62% Fe, CFR China;OK
2026-05-27;2026-05-27 08:44:22;Kokskohle;Energietraeger;243.5;USD/T;209.04;Trading Economics;coking-coal;Premium Hard;OK
2026-05-27;2026-05-27 08:44:22;Kobalt;Basismetalle;56290.0;USD/T;48324.98;Trading Economics;cobalt;;OK
2026-05-27;2026-05-27 08:44:22;Mangan;Legierungen;33.25;CNY/mtu;;Trading Economics;manganese;Erz, CNY/mtu;OK
2026-05-27;2026-05-27 08:44:22;Silizium;Legierungen;8400.0;CNY/T;;Trading Economics;silicon;CNY/T;OK
2026-05-27;2026-05-27 08:44:22;Stahl HRC;Stahlpreise;3162.0;CNY/T;;Trading Economics;steel;Hot-Rolled Coil, CNY/T;OK
2026-05-27;2026-05-27 08:44:22;Wolfram;Legierungen;90.233;USD/mtu;77.47;Trading Economics;tungsten;APT;OK
2026-05-27;2026-05-27 08:44:22;Kupfer;Basismetalle;14086.42;USD/MT;12093.2;Yahoo Finance;HG=F;Originalwert: 6.3895 USD/lb;OK
2026-05-27;2026-05-27 08:44:22;Aluminium;Basismetalle;3673.75;USD/MT;3153.92;Yahoo Finance;ALI=F;Originalwert: 3673.7500 USD/MT;OK
2026-05-27;2026-05-27 08:44:22;Zink;Basismetalle;2297.0;USD/MT;1971.98;Yahoo Finance;ZNC=F;Originalwert: 2297.0000 USD/MT;OK
2026-05-27;2026-05-27 08:44:22;Blei;Basismetalle;5472.42;USD/MT;4698.07;Yahoo Finance;LE=F;Originalwert: 248.2250 USX/lb;OK
2026-05-27;2026-05-27 08:44:22;Kurs EUR/USD;Waehrung;1.164822;EUR/USD;;Yahoo Finance;EURUSD=X;;OK
2026-05-27;2026-05-27 08:44:22;Kurs CNY/USD;Waehrung;0.147495;CNY/USD;;Yahoo Finance;CNYUSD=X;;OK
2026-05-27;2026-05-27 08:44:22;Kurs JPY/USD;Waehrung;0.006274;JPY/USD;;Yahoo Finance;JPYUSD=X;;OK
2026-05-28;2026-05-28 08:45:21;Nickel;Basismetalle;18928.75;USD/T;16297.66;Trading Economics;nickel;LME;OK
2026-05-28;2026-05-28 08:45:21;Eisenerz;Rohstoffe;109.27;USD/T;94.08;Trading Economics;iron-ore;62% Fe, CFR China;OK
2026-05-28;2026-05-28 08:45:21;Kokskohle;Energietraeger;240.5;USD/T;207.07;Trading Economics;coking-coal;Premium Hard;OK
2026-05-28;2026-05-28 08:45:21;Kobalt;Basismetalle;56290.0;USD/T;48465.7;Trading Economics;cobalt;;OK
2026-05-28;2026-05-28 08:45:21;Mangan;Legierungen;32.75;CNY/mtu;;Trading Economics;manganese;Erz, CNY/mtu;OK
2026-05-28;2026-05-28 08:45:21;Silizium;Legierungen;8430.0;CNY/T;;Trading Economics;silicon;CNY/T;OK
2026-05-28;2026-05-28 08:45:21;Stahl HRC;Stahlpreise;3157.0;CNY/T;;Trading Economics;steel;Hot-Rolled Coil, CNY/T;OK
2026-05-28;2026-05-28 08:45:21;Wolfram;Legierungen;90.972;USD/mtu;78.33;Trading Economics;tungsten;APT;OK
2026-05-28;2026-05-28 08:45:21;Kupfer;Basismetalle;13947.53;USD/MT;12008.83;Yahoo Finance;HG=F;Originalwert: 6.3265 USD/lb;OK
2026-05-28;2026-05-28 08:45:21;Aluminium;Basismetalle;3607.5;USD/MT;3106.06;Yahoo Finance;ALI=F;Originalwert: 3607.5000 USD/MT;OK
2026-05-28;2026-05-28 08:45:21;Zink;Basismetalle;2297.0;USD/MT;1977.72;Yahoo Finance;ZNC=F;Originalwert: 2297.0000 USD/MT;OK
2026-05-28;2026-05-28 08:45:21;Blei;Basismetalle;5542.97;USD/MT;4772.5;Yahoo Finance;LE=F;Originalwert: 251.4250 USX/lb;OK
2026-05-28;2026-05-28 08:45:21;Kurs EUR/USD;Waehrung;1.16144;EUR/USD;;Yahoo Finance;EURUSD=X;;OK
2026-05-28;2026-05-28 08:45:21;Kurs CNY/USD;Waehrung;0.147362;CNY/USD;;Yahoo Finance;CNYUSD=X;;OK
2026-05-28;2026-05-28 08:45:21;Kurs JPY/USD;Waehrung;0.00627;JPY/USD;;Yahoo Finance;JPYUSD=X;;OK
2026-05-29;2026-05-29 08:45:03;Nickel;Basismetalle;19061.13;USD/T;16375.41;Trading Economics;nickel;LME;OK
2026-05-29;2026-05-29 08:45:03;Eisenerz;Rohstoffe;109.04;USD/T;93.68;Trading Economics;iron-ore;62% Fe, CFR China;OK
2026-05-29;2026-05-29 08:45:03;Kokskohle;Energietraeger;243.0;USD/T;208.76;Trading Economics;coking-coal;Premium Hard;OK
2026-05-29;2026-05-29 08:45:03;Kobalt;Basismetalle;56290.0;USD/T;48358.73;Trading Economics;cobalt;;OK
2026-05-29;2026-05-29 08:45:03;Mangan;Legierungen;32.75;CNY/mtu;;Trading Economics;manganese;Erz, CNY/mtu;OK
2026-05-29;2026-05-29 08:45:03;Silizium;Legierungen;8415.0;CNY/T;;Trading Economics;silicon;CNY/T;OK
2026-05-29;2026-05-29 08:45:03;Stahl HRC;Stahlpreise;3177.0;CNY/T;;Trading Economics;steel;Hot-Rolled Coil, CNY/T;OK
2026-05-29;2026-05-29 08:45:03;Wolfram;Legierungen;88.87;USD/mtu;76.35;Trading Economics;tungsten;APT;OK
2026-05-29;2026-05-29 08:45:03;Kupfer;Basismetalle;14102.95;USD/MT;12115.84;Yahoo Finance;HG=F;Originalwert: 6.3970 USD/lb;OK
2026-05-29;2026-05-29 08:45:03;Aluminium;Basismetalle;3646.5;USD/MT;3132.71;Yahoo Finance;ALI=F;Originalwert: 3646.5000 USD/MT;OK
2026-05-29;2026-05-29 08:45:03;Zink;Basismetalle;2297.0;USD/MT;1973.35;Yahoo Finance;ZNC=F;Originalwert: 2297.0000 USD/MT;OK
2026-05-29;2026-05-29 08:45:03;Blei;Basismetalle;5506.04;USD/MT;4730.24;Yahoo Finance;LE=F;Originalwert: 249.7500 USX/lb;OK
2026-05-29;2026-05-29 08:45:03;Kurs EUR/USD;Waehrung;1.164009;EUR/USD;;Yahoo Finance;EURUSD=X;;OK
2026-05-29;2026-05-29 08:45:03;Kurs CNY/USD;Waehrung;0.147772;CNY/USD;;Yahoo Finance;CNYUSD=X;;OK
2026-05-29;2026-05-29 08:45:03;Kurs JPY/USD;Waehrung;0.006279;JPY/USD;;Yahoo Finance;JPYUSD=X;;OK
2026-06-01;2026-06-01 09:17:37;Nickel;Basismetalle;19233.38;USD/T;16500.32;Trading Economics;nickel;LME;OK
2026-06-01;2026-06-01 09:17:37;Eisenerz;Rohstoffe;108.82;USD/T;93.36;Trading Economics;iron-ore;62% Fe, CFR China;OK
2026-06-01;2026-06-01 09:17:37;Kokskohle;Energietraeger;243.0;USD/T;208.47;Trading Economics;coking-coal;Premium Hard;OK
2026-06-01;2026-06-01 09:17:37;Kobalt;Basismetalle;56290.0;USD/T;48291.19;Trading Economics;cobalt;;OK
2026-06-01;2026-06-01 09:17:37;Mangan;Legierungen;32.75;CNY/mtu;;Trading Economics;manganese;Erz, CNY/mtu;OK
2026-06-01;2026-06-01 09:17:37;Silizium;Legierungen;8630.0;CNY/T;;Trading Economics;silicon;CNY/T;OK
2026-06-01;2026-06-01 09:17:37;Stahl HRC;Stahlpreise;3190.0;CNY/T;;Trading Economics;steel;Hot-Rolled Coil, CNY/T;OK
2026-06-01;2026-06-01 09:17:37;Wolfram;Legierungen;91.124;USD/mtu;78.18;Trading Economics;tungsten;APT;OK
2026-06-01;2026-06-01 09:17:37;Kupfer;Basismetalle;14366.41;USD/MT;12324.94;Yahoo Finance;HG=F;Originalwert: 6.5165 USD/lb;OK
2026-06-01;2026-06-01 09:17:37;Aluminium;Basismetalle;3690.5;USD/MT;3166.08;Yahoo Finance;ALI=F;Originalwert: 3690.5000 USD/MT;OK
2026-06-01;2026-06-01 09:17:37;Zink;Basismetalle;2297.0;USD/MT;1970.6;Yahoo Finance;ZNC=F;Originalwert: 2297.0000 USD/MT;OK
2026-06-01;2026-06-01 09:17:37;Blei;Basismetalle;5472.97;USD/MT;4695.26;Yahoo Finance;LE=F;Originalwert: 248.2500 USX/lb;OK
2026-06-01;2026-06-01 09:17:37;Kurs EUR/USD;Waehrung;1.165637;EUR/USD;;Yahoo Finance;EURUSD=X;;OK
2026-06-01;2026-06-01 09:17:37;Kurs CNY/USD;Waehrung;0.147837;CNY/USD;;Yahoo Finance;CNYUSD=X;;OK
2026-06-01;2026-06-01 09:17:37;Kurs JPY/USD;Waehrung;0.006271;JPY/USD;;Yahoo Finance;JPYUSD=X;;OK
2026-06-02;2026-06-02 08:55:38;Nickel;Basismetalle;19304.13;USD/T;16572.6;Trading Economics;nickel;LME;OK
2026-06-02;2026-06-02 08:55:38;Eisenerz;Rohstoffe;105.03;USD/T;90.17;Trading Economics;iron-ore;62% Fe, CFR China;OK
2026-06-02;2026-06-02 08:55:38;Kokskohle;Energietraeger;243.0;USD/T;208.62;Trading Economics;coking-coal;Premium Hard;OK
2026-06-02;2026-06-02 08:55:38;Kobalt;Basismetalle;56290.0;USD/T;48324.98;Trading Economics;cobalt;;OK
2026-06-02;2026-06-02 08:55:38;Mangan;Legierungen;32.25;CNY/mtu;;Trading Economics;manganese;Erz, CNY/mtu;OK
2026-06-02;2026-06-02 08:55:38;Silizium;Legierungen;8585.0;CNY/T;;Trading Economics;silicon;CNY/T;OK
2026-06-02;2026-06-02 08:55:38;Stahl HRC;Stahlpreise;3188.0;CNY/T;;Trading Economics;steel;Hot-Rolled Coil, CNY/T;OK
2026-06-02;2026-06-02 08:55:38;Wolfram;Legierungen;90.396;USD/mtu;77.6;Trading Economics;tungsten;APT;OK
2026-06-02;2026-06-02 08:55:38;Kupfer;Basismetalle;14643.09;USD/MT;12571.1;Yahoo Finance;HG=F;Originalwert: 6.6420 USD/lb;OK
2026-06-02;2026-06-02 08:55:38;Aluminium;Basismetalle;3788.0;USD/MT;3252.0;Yahoo Finance;ALI=F;Originalwert: 3788.0000 USD/MT;OK
2026-06-02;2026-06-02 08:55:38;Zink;Basismetalle;2297.0;USD/MT;1971.98;Yahoo Finance;ZNC=F;Originalwert: 2297.0000 USD/MT;OK
2026-06-02;2026-06-02 08:55:38;Blei;Basismetalle;5489.5;USD/MT;4712.74;Yahoo Finance;LE=F;Originalwert: 249.0000 USX/lb;OK
2026-06-02;2026-06-02 08:55:38;Kurs EUR/USD;Waehrung;1.164822;EUR/USD;;Yahoo Finance;EURUSD=X;;OK
2026-06-02;2026-06-02 08:55:38;Kurs CNY/USD;Waehrung;0.147883;CNY/USD;;Yahoo Finance;CNYUSD=X;;OK
2026-06-02;2026-06-02 08:55:38;Kurs JPY/USD;Waehrung;0.006261;JPY/USD;;Yahoo Finance;JPYUSD=X;;OK
2026-06-03;2026-06-03 09:06:59;Nickel;Basismetalle;19022.88;USD/T;16376.8;Trading Economics;nickel;LME;OK
2026-06-03;2026-06-03 09:06:59;Eisenerz;Rohstoffe;105.13;USD/T;90.51;Trading Economics;iron-ore;62% Fe, CFR China;OK
2026-06-03;2026-06-03 09:06:59;Kokskohle;Energietraeger;243.5;USD/T;209.63;Trading Economics;coking-coal;Premium Hard;OK
2026-06-03;2026-06-03 09:06:59;Kobalt;Basismetalle;56290.0;USD/T;48460.06;Trading Economics;cobalt;;OK
2026-06-03;2026-06-03 09:06:59;Mangan;Legierungen;32.25;CNY/mtu;;Trading Economics;manganese;Erz, CNY/mtu;OK
2026-06-03;2026-06-03 09:06:59;Silizium;Legierungen;8650.0;CNY/T;;Trading Economics;silicon;CNY/T;OK
2026-06-03;2026-06-03 09:06:59;Stahl HRC;Stahlpreise;3177.0;CNY/T;;Trading Economics;steel;Hot-Rolled Coil, CNY/T;OK
2026-06-03;2026-06-03 09:06:59;Wolfram;Legierungen;96.222;USD/mtu;82.84;Trading Economics;tungsten;APT;OK
2026-06-03;2026-06-03 09:06:59;Kupfer;Basismetalle;14548.29;USD/MT;12524.62;Yahoo Finance;HG=F;Originalwert: 6.5990 USD/lb;OK
2026-06-03;2026-06-03 09:06:59;Aluminium;Basismetalle;3764.0;USD/MT;3240.43;Yahoo Finance;ALI=F;Originalwert: 3764.0000 USD/MT;OK
2026-06-03;2026-06-03 09:06:59;Zink;Basismetalle;2297.0;USD/MT;1977.49;Yahoo Finance;ZNC=F;Originalwert: 2297.0000 USD/MT;OK
2026-06-03;2026-06-03 09:06:59;Blei;Basismetalle;5460.29;USD/MT;4700.76;Yahoo Finance;LE=F;Originalwert: 247.6750 USX/lb;OK
2026-06-03;2026-06-03 09:06:59;Kurs EUR/USD;Waehrung;1.161575;EUR/USD;;Yahoo Finance;EURUSD=X;;OK
2026-06-03;2026-06-03 09:06:59;Kurs CNY/USD;Waehrung;0.14766;CNY/USD;;Yahoo Finance;CNYUSD=X;;OK
2026-06-03;2026-06-03 09:06:59;Kurs JPY/USD;Waehrung;0.006256;JPY/USD;;Yahoo Finance;JPYUSD=X;;OK
2026-06-04;2026-06-04 08:46:31;Nickel;Basismetalle;18578.13;USD/T;15999.49;Trading Economics;nickel;LME;OK
2026-06-04;2026-06-04 08:46:31;Eisenerz;Rohstoffe;103.71;USD/T;89.32;Trading Economics;iron-ore;62% Fe, CFR China;OK
2026-06-04;2026-06-04 08:46:31;Kokskohle;Energietraeger;245.0;USD/T;210.99;Trading Economics;coking-coal;Premium Hard;OK
2026-06-04;2026-06-04 08:46:31;Kobalt;Basismetalle;56290.0;USD/T;48476.97;Trading Economics;cobalt;;OK
2026-06-04;2026-06-04 08:46:31;Mangan;Legierungen;32.25;CNY/mtu;;Trading Economics;manganese;Erz, CNY/mtu;OK
2026-06-04;2026-06-04 08:46:31;Silizium;Legierungen;8610.0;CNY/T;;Trading Economics;silicon;CNY/T;OK
2026-06-04;2026-06-04 08:46:31;Stahl HRC;Stahlpreise;3155.0;CNY/T;;Trading Economics;steel;Hot-Rolled Coil, CNY/T;OK
2026-06-04;2026-06-04 08:46:31;Wolfram;Legierungen;95.082;USD/mtu;81.88;Trading Economics;tungsten;APT;OK
2026-06-04;2026-06-04 08:46:31;Kupfer;Basismetalle;14315.7;USD/MT;12328.69;Yahoo Finance;HG=F;Originalwert: 6.4935 USD/lb;OK
2026-06-04;2026-06-04 08:46:31;Aluminium;Basismetalle;3722.75;USD/MT;3206.03;Yahoo Finance;ALI=F;Originalwert: 3722.7500 USD/MT;OK
2026-06-04;2026-06-04 08:46:31;Zink;Basismetalle;2297.0;USD/MT;1978.18;Yahoo Finance;ZNC=F;Originalwert: 2297.0000 USD/MT;OK
2026-06-04;2026-06-04 08:46:31;Blei;Basismetalle;5437.14;USD/MT;4682.47;Yahoo Finance;LE=F;Originalwert: 246.6250 USX/lb;OK
2026-06-04;2026-06-04 08:46:31;Kurs EUR/USD;Waehrung;1.16117;EUR/USD;;Yahoo Finance;EURUSD=X;;OK
2026-06-04;2026-06-04 08:46:31;Kurs CNY/USD;Waehrung;0.147558;CNY/USD;;Yahoo Finance;CNYUSD=X;;OK
2026-06-04;2026-06-04 08:46:31;Kurs JPY/USD;Waehrung;0.006254;JPY/USD;;Yahoo Finance;JPYUSD=X;;OK
2026-06-05;2026-06-05 08:45:08;Nickel;Basismetalle;18604.13;USD/T;15980.95;Trading Economics;nickel;LME;OK
2026-06-05;2026-06-05 08:45:08;Eisenerz;Rohstoffe;101.96;USD/T;87.58;Trading Economics;iron-ore;62% Fe, CFR China;OK
2026-06-05;2026-06-05 08:45:08;Kokskohle;Energietraeger;246.5;USD/T;211.74;Trading Economics;coking-coal;Premium Hard;OK
2026-06-05;2026-06-05 08:45:08;Kobalt;Basismetalle;56290.0;USD/T;48353.12;Trading Economics;cobalt;;OK
2026-06-05;2026-06-05 08:45:08;Mangan;Legierungen;32.25;CNY/mtu;;Trading Economics;manganese;Erz, CNY/mtu;OK
2026-06-05;2026-06-05 08:45:08;Silizium;Legierungen;8585.0;CNY/T;;Trading Economics;silicon;CNY/T;OK
2026-06-05;2026-06-05 08:45:08;Stahl HRC;Stahlpreise;3152.0;CNY/T;;Trading Economics;steel;Hot-Rolled Coil, CNY/T;OK
2026-06-05;2026-06-05 08:45:08;Wolfram;Legierungen;92.098;USD/mtu;79.11;Trading Economics;tungsten;APT;OK
2026-06-05;2026-06-05 08:45:08;Kupfer;Basismetalle;14143.74;USD/MT;12149.48;Yahoo Finance;HG=F;Originalwert: 6.4155 USD/lb;OK
2026-06-05;2026-06-05 08:45:08;Aluminium;Basismetalle;3709.0;USD/MT;3186.03;Yahoo Finance;ALI=F;Originalwert: 3709.0000 USD/MT;OK
2026-06-05;2026-06-05 08:45:08;Zink;Basismetalle;2297.0;USD/MT;1973.12;Yahoo Finance;ZNC=F;Originalwert: 2297.0000 USD/MT;OK
2026-06-05;2026-06-05 08:45:08;Blei;Basismetalle;5493.36;USD/MT;4718.8;Yahoo Finance;LE=F;Originalwert: 249.1750 USX/lb;OK
2026-06-05;2026-06-05 08:45:08;Kurs EUR/USD;Waehrung;1.164144;EUR/USD;;Yahoo Finance;EURUSD=X;;OK
2026-06-05;2026-06-05 08:45:08;Kurs CNY/USD;Waehrung;0.147721;CNY/USD;;Yahoo Finance;CNYUSD=X;;OK
2026-06-05;2026-06-05 08:45:08;Kurs JPY/USD;Waehrung;0.006253;JPY/USD;;Yahoo Finance;JPYUSD=X;;OK
2026-06-08;2026-06-08 09:06:18;Nickel;Basismetalle;18545.88;USD/T;16110.81;Trading Economics;nickel;LME;OK
2026-06-08;2026-06-08 09:06:18;Eisenerz;Rohstoffe;102.0;USD/T;88.61;Trading Economics;iron-ore;62% Fe, CFR China;OK
2026-06-08;2026-06-08 09:06:18;Kokskohle;Energietraeger;249.0;USD/T;216.31;Trading Economics;coking-coal;Premium Hard;OK
2026-06-08;2026-06-08 09:06:18;Kobalt;Basismetalle;56290.0;USD/T;48899.14;Trading Economics;cobalt;;OK
2026-06-08;2026-06-08 09:06:18;Mangan;Legierungen;32.25;CNY/mtu;;Trading Economics;manganese;Erz, CNY/mtu;OK
2026-06-08;2026-06-08 09:06:18;Silizium;Legierungen;8550.0;CNY/T;;Trading Economics;silicon;CNY/T;OK
2026-06-08;2026-06-08 09:06:18;Stahl HRC;Stahlpreise;3139.0;CNY/T;;Trading Economics;steel;Hot-Rolled Coil, CNY/T;OK
2026-06-08;2026-06-08 09:06:18;Wolfram;Legierungen;94.564;USD/mtu;82.15;Trading Economics;tungsten;APT;OK
2026-06-08;2026-06-08 09:06:18;Kupfer;Basismetalle;13929.89;USD/MT;12100.9;Yahoo Finance;HG=F;Originalwert: 6.3185 USD/lb;OK
2026-06-08;2026-06-08 09:06:18;Aluminium;Basismetalle;3658.0;USD/MT;3177.71;Yahoo Finance;ALI=F;Originalwert: 3658.0000 USD/MT;OK
2026-06-08;2026-06-08 09:06:18;Zink;Basismetalle;2297.0;USD/MT;1995.4;Yahoo Finance;ZNC=F;Originalwert: 2297.0000 USD/MT;OK
2026-06-08;2026-06-08 09:06:18;Blei;Basismetalle;5513.2;USD/MT;4789.32;Yahoo Finance;LE=F;Originalwert: 250.0750 USX/lb;OK
2026-06-08;2026-06-08 09:06:18;Kurs EUR/USD;Waehrung;1.151145;EUR/USD;;Yahoo Finance;EURUSD=X;;OK
2026-06-08;2026-06-08 09:06:18;Kurs CNY/USD;Waehrung;0.147412;CNY/USD;;Yahoo Finance;CNYUSD=X;;OK
2026-06-08;2026-06-08 09:06:18;Kurs JPY/USD;Waehrung;0.006249;JPY/USD;;Yahoo Finance;JPYUSD=X;;OK
2026-06-09;2026-06-09 08:39:54;Nickel;Basismetalle;18256.88;USD/T;15806.81;Trading Economics;nickel;LME;OK
2026-06-09;2026-06-09 08:39:54;Eisenerz;Rohstoffe;101.05;USD/T;87.49;Trading Economics;iron-ore;62% Fe, CFR China;OK
2026-06-09;2026-06-09 08:39:54;Kokskohle;Energietraeger;249.0;USD/T;215.58;Trading Economics;coking-coal;Premium Hard;OK
2026-06-09;2026-06-09 08:39:54;Kobalt;Basismetalle;56290.0;USD/T;48735.89;Trading Economics;cobalt;;OK
2026-06-09;2026-06-09 08:39:54;Mangan;Legierungen;31.95;CNY/mtu;;Trading Economics;manganese;Erz, CNY/mtu;OK
2026-06-09;2026-06-09 08:39:54;Silizium;Legierungen;8400.0;CNY/T;;Trading Economics;silicon;CNY/T;OK
2026-06-09;2026-06-09 08:39:54;Stahl HRC;Stahlpreise;3135.0;CNY/T;;Trading Economics;steel;Hot-Rolled Coil, CNY/T;OK
2026-06-09;2026-06-09 08:39:54;Wolfram;Legierungen;89.305;USD/mtu;77.32;Trading Economics;tungsten;APT;OK
2026-06-09;2026-06-09 08:39:54;Kupfer;Basismetalle;14149.25;USD/MT;12250.42;Yahoo Finance;HG=F;Originalwert: 6.4180 USD/lb;OK
2026-06-09;2026-06-09 08:39:54;Aluminium;Basismetalle;3660.25;USD/MT;3169.04;Yahoo Finance;ALI=F;Originalwert: 3660.2500 USD/MT;OK
2026-06-09;2026-06-09 08:39:54;Zink;Basismetalle;2297.0;USD/MT;1988.74;Yahoo Finance;ZNC=F;Originalwert: 2297.0000 USD/MT;OK
2026-06-09;2026-06-09 08:39:54;Blei;Basismetalle;5434.94;USD/MT;4705.57;Yahoo Finance;LE=F;Originalwert: 246.5250 USX/lb;OK
2026-06-09;2026-06-09 08:39:54;Kurs EUR/USD;Waehrung;1.155001;EUR/USD;;Yahoo Finance;EURUSD=X;;OK
2026-06-09;2026-06-09 08:39:54;Kurs CNY/USD;Waehrung;0.147724;CNY/USD;;Yahoo Finance;CNYUSD=X;;OK
2026-06-09;2026-06-09 08:39:54;Kurs JPY/USD;Waehrung;0.006243;JPY/USD;;Yahoo Finance;JPYUSD=X;;OK
2026-06-10;2026-06-10 08:46:43;Nickel;Basismetalle;17659.13;USD/T;15285.74;Trading Economics;nickel;LME;OK
2026-06-10;2026-06-10 08:46:43;Eisenerz;Rohstoffe;101.37;USD/T;87.75;Trading Economics;iron-ore;62% Fe, CFR China;OK
2026-06-10;2026-06-10 08:46:43;Kokskohle;Energietraeger;246.0;USD/T;212.94;Trading Economics;coking-coal;Premium Hard;OK
2026-06-10;2026-06-10 08:46:43;Kobalt;Basismetalle;56290.0;USD/T;48724.62;Trading Economics;cobalt;;OK
2026-06-10;2026-06-10 08:46:43;Mangan;Legierungen;31.95;CNY/mtu;;Trading Economics;manganese;Erz, CNY/mtu;OK
2026-06-10;2026-06-10 08:46:43;Silizium;Legierungen;8670.0;CNY/T;;Trading Economics;silicon;CNY/T;OK
2026-06-10;2026-06-10 08:46:43;Stahl HRC;Stahlpreise;3157.0;CNY/T;;Trading Economics;steel;Hot-Rolled Coil, CNY/T;OK
2026-06-10;2026-06-10 08:46:43;Wolfram;Legierungen;87.959;USD/mtu;76.14;Trading Economics;tungsten;APT;OK
2026-06-10;2026-06-10 08:46:43;Kupfer;Basismetalle;13806.43;USD/MT;11950.85;Yahoo Finance;HG=F;Originalwert: 6.2625 USD/lb;OK
2026-06-10;2026-06-10 08:46:43;Aluminium;Basismetalle;3534.5;USD/MT;3059.46;Yahoo Finance;ALI=F;Originalwert: 3534.5000 USD/MT;OK
2026-06-10;2026-06-10 08:46:43;Zink;Basismetalle;2297.0;USD/MT;1988.28;Yahoo Finance;ZNC=F;Originalwert: 2297.0000 USD/MT;OK
2026-06-10;2026-06-10 08:46:43;Blei;Basismetalle;5468.01;USD/MT;4733.11;Yahoo Finance;LE=F;Originalwert: 248.0250 USX/lb;OK
2026-06-10;2026-06-10 08:46:43;Kurs EUR/USD;Waehrung;1.155268;EUR/USD;;Yahoo Finance;EURUSD=X;;OK
2026-06-10;2026-06-10 08:46:43;Kurs CNY/USD;Waehrung;0.147564;CNY/USD;;Yahoo Finance;CNYUSD=X;;OK
2026-06-10;2026-06-10 08:46:43;Kurs JPY/USD;Waehrung;0.006234;JPY/USD;;Yahoo Finance;JPYUSD=X;;OK
2026-06-11;2026-06-11 09:00:26;Nickel;Basismetalle;17623.38;USD/T;15277.7;Trading Economics;nickel;LME;OK
2026-06-11;2026-06-11 09:00:26;Eisenerz;Rohstoffe;101.7;USD/T;88.16;Trading Economics;iron-ore;62% Fe, CFR China;OK
2026-06-11;2026-06-11 09:00:26;Kokskohle;Energietraeger;246.0;USD/T;213.26;Trading Economics;coking-coal;Premium Hard;OK
2026-06-11;2026-06-11 09:00:26;Kobalt;Basismetalle;56290.0;USD/T;48797.78;Trading Economics;cobalt;;OK
2026-06-11;2026-06-11 09:00:26;Mangan;Legierungen;31.95;CNY/mtu;;Trading Economics;manganese;Erz, CNY/mtu;OK
2026-06-11;2026-06-11 09:00:26;Silizium;Legierungen;8650.0;CNY/T;;Trading Economics;silicon;CNY/T;OK
2026-06-11;2026-06-11 09:00:26;Stahl HRC;Stahlpreise;3132.0;CNY/T;;Trading Economics;steel;Hot-Rolled Coil, CNY/T;OK
2026-06-11;2026-06-11 09:00:26;Wolfram;Legierungen;89.114;USD/mtu;77.25;Trading Economics;tungsten;APT;OK
2026-06-11;2026-06-11 09:00:26;Kupfer;Basismetalle;13732.58;USD/MT;11904.77;Yahoo Finance;HG=F;Originalwert: 6.2290 USD/lb;OK
2026-06-11;2026-06-11 09:00:26;Aluminium;Basismetalle;3511.5;USD/MT;3044.12;Yahoo Finance;ALI=F;Originalwert: 3511.5000 USD/MT;OK
2026-06-11;2026-06-11 09:00:26;Zink;Basismetalle;2297.0;USD/MT;1991.27;Yahoo Finance;ZNC=F;Originalwert: 2297.0000 USD/MT;OK
2026-06-11;2026-06-11 09:00:26;Blei;Basismetalle;5513.75;USD/MT;4779.87;Yahoo Finance;LE=F;Originalwert: 250.1000 USX/lb;OK
2026-06-11;2026-06-11 09:00:26;Kurs EUR/USD;Waehrung;1.153536;EUR/USD;;Yahoo Finance;EURUSD=X;;OK
2026-06-11;2026-06-11 09:00:26;Kurs CNY/USD;Waehrung;0.147547;CNY/USD;;Yahoo Finance;CNYUSD=X;;OK
2026-06-11;2026-06-11 09:00:26;Kurs JPY/USD;Waehrung;0.006229;JPY/USD;;Yahoo Finance;JPYUSD=X;;OK
2026-06-12;2026-06-12 08:49:49;Nickel;Basismetalle;17840.63;USD/T;15401.81;Trading Economics;nickel;LME;OK
2026-06-12;2026-06-12 08:49:49;Eisenerz;Rohstoffe;101.6;USD/T;87.71;Trading Economics;iron-ore;62% Fe, CFR China;OK
2026-06-12;2026-06-12 08:49:49;Kokskohle;Energietraeger;245.0;USD/T;211.51;Trading Economics;coking-coal;Premium Hard;OK
2026-06-12;2026-06-12 08:49:49;Kobalt;Basismetalle;56290.0;USD/T;48595.15;Trading Economics;cobalt;;OK
2026-06-12;2026-06-12 08:49:49;Mangan;Legierungen;31.75;CNY/mtu;;Trading Economics;manganese;Erz, CNY/mtu;OK
2026-06-12;2026-06-12 08:49:49;Silizium;Legierungen;8645.0;CNY/T;;Trading Economics;silicon;CNY/T;OK
2026-06-12;2026-06-12 08:49:49;Stahl HRC;Stahlpreise;3137.0;CNY/T;;Trading Economics;steel;Hot-Rolled Coil, CNY/T;OK
2026-06-12;2026-06-12 08:49:49;Wolfram;Legierungen;83.867;USD/mtu;72.4;Trading Economics;tungsten;APT;OK
2026-06-12;2026-06-12 08:49:49;Kupfer;Basismetalle;14111.77;USD/MT;12182.69;Yahoo Finance;HG=F;Originalwert: 6.4010 USD/lb;OK
2026-06-12;2026-06-12 08:49:49;Aluminium;Basismetalle;3527.75;USD/MT;3045.51;Yahoo Finance;ALI=F;Originalwert: 3527.7500 USD/MT;OK
2026-06-12;2026-06-12 08:49:49;Zink;Basismetalle;2297.0;USD/MT;1983.0;Yahoo Finance;ZNC=F;Originalwert: 2297.0000 USD/MT;OK
2026-06-12;2026-06-12 08:49:49;Blei;Basismetalle;5544.07;USD/MT;4786.2;Yahoo Finance;LE=F;Originalwert: 251.4750 USX/lb;OK
2026-06-12;2026-06-12 08:49:49;Kurs EUR/USD;Waehrung;1.158346;EUR/USD;;Yahoo Finance;EURUSD=X;;OK
2026-06-12;2026-06-12 08:49:49;Kurs CNY/USD;Waehrung;0.147929;CNY/USD;;Yahoo Finance;CNYUSD=X;;OK
2026-06-12;2026-06-12 08:49:49;Kurs JPY/USD;Waehrung;0.006246;JPY/USD;;Yahoo Finance;JPYUSD=X;;OK
2026-06-15;2026-06-15 09:37:18;Nickel;Basismetalle;18016.13;USD/T;15515.5;Trading Economics;nickel;LME;OK
2026-06-15;2026-06-15 09:37:18;Eisenerz;Rohstoffe;101.62;USD/T;87.52;Trading Economics;iron-ore;62% Fe, CFR China;OK
2026-06-15;2026-06-15 09:37:18;Kokskohle;Energietraeger;244.0;USD/T;210.13;Trading Economics;coking-coal;Premium Hard;OK
2026-06-15;2026-06-15 09:37:18;Kobalt;Basismetalle;56290.0;USD/T;48476.97;Trading Economics;cobalt;;OK
2026-06-15;2026-06-15 09:37:18;Mangan;Legierungen;31.75;CNY/mtu;;Trading Economics;manganese;Erz, CNY/mtu;OK
2026-06-15;2026-06-15 09:37:18;Silizium;Legierungen;8570.0;CNY/T;;Trading Economics;silicon;CNY/T;OK
2026-06-15;2026-06-15 09:37:18;Stahl HRC;Stahlpreise;3141.0;CNY/T;;Trading Economics;steel;Hot-Rolled Coil, CNY/T;OK
2026-06-15;2026-06-15 09:37:18;Wolfram;Legierungen;80.224;USD/mtu;69.09;Trading Economics;tungsten;APT;OK
2026-06-15;2026-06-15 09:37:18;Kupfer;Basismetalle;14325.62;USD/MT;12337.23;Yahoo Finance;HG=F;Originalwert: 6.4980 USD/lb;OK
2026-06-15;2026-06-15 09:37:18;Aluminium;Basismetalle;3474.0;USD/MT;2991.81;Yahoo Finance;ALI=F;Originalwert: 3474.0000 USD/MT;OK
2026-06-15;2026-06-15 09:37:18;Zink;Basismetalle;3660.0;USD/MT;3151.99;Yahoo Finance;ZNC=F;Originalwert: 3660.0000 USD/MT;OK
2026-06-15;2026-06-15 09:37:18;Blei;Basismetalle;5508.79;USD/MT;4744.17;Yahoo Finance;LE=F;Originalwert: 249.8750 USX/lb;OK
2026-06-15;2026-06-15 09:37:18;Kurs EUR/USD;Waehrung;1.16117;EUR/USD;;Yahoo Finance;EURUSD=X;;OK
2026-06-15;2026-06-15 09:37:18;Kurs CNY/USD;Waehrung;0.148006;CNY/USD;;Yahoo Finance;CNYUSD=X;;OK
2026-06-15;2026-06-15 09:37:18;Kurs JPY/USD;Waehrung;0.006246;JPY/USD;;Yahoo Finance;JPYUSD=X;;OK
2026-06-16;2026-06-16 09:17:54;Nickel;Basismetalle;17762.13;USD/T;15300.3;Trading Economics;nickel;LME;OK
2026-06-16;2026-06-16 09:17:54;Eisenerz;Rohstoffe;101.94;USD/T;87.81;Trading Economics;iron-ore;62% Fe, CFR China;OK
2026-06-16;2026-06-16 09:17:54;Kokskohle;Energietraeger;244.0;USD/T;210.18;Trading Economics;coking-coal;Premium Hard;OK
2026-06-16;2026-06-16 09:17:54;Kobalt;Basismetalle;56290.0;USD/T;48488.2;Trading Economics;cobalt;;OK
2026-06-16;2026-06-16 09:17:54;Mangan;Legierungen;31.75;CNY/mtu;;Trading Economics;manganese;Erz, CNY/mtu;OK
2026-06-16;2026-06-16 09:17:54;Silizium;Legierungen;8510.0;CNY/T;;Trading Economics;silicon;CNY/T;OK
2026-06-16;2026-06-16 09:17:54;Stahl HRC;Stahlpreise;3131.0;CNY/T;;Trading Economics;steel;Hot-Rolled Coil, CNY/T;OK
2026-06-16;2026-06-16 09:17:54;Wolfram;Legierungen;78.8;USD/mtu;67.88;Trading Economics;tungsten;APT;OK
2026-06-16;2026-06-16 09:17:54;Kupfer;Basismetalle;14300.27;USD/MT;12318.25;Yahoo Finance;HG=F;Originalwert: 6.4865 USD/lb;OK
2026-06-16;2026-06-16 09:17:54;Aluminium;Basismetalle;3359.0;USD/MT;2893.44;Yahoo Finance;ALI=F;Originalwert: 3359.0000 USD/MT;OK
2026-06-16;2026-06-16 09:17:54;Zink;Basismetalle;3660.0;USD/MT;3152.72;Yahoo Finance;ZNC=F;Originalwert: 3660.0000 USD/MT;OK
2026-06-16;2026-06-16 09:17:54;Blei;Basismetalle;5525.33;USD/MT;4759.52;Yahoo Finance;LE=F;Originalwert: 250.6250 USX/lb;OK
2026-06-16;2026-06-16 09:17:54;Kurs EUR/USD;Waehrung;1.160901;EUR/USD;;Yahoo Finance;EURUSD=X;;OK
2026-06-16;2026-06-16 09:17:54;Kurs CNY/USD;Waehrung;0.148028;CNY/USD;;Yahoo Finance;CNYUSD=X;;OK
2026-06-16;2026-06-16 09:17:54;Kurs JPY/USD;Waehrung;0.006237;JPY/USD;;Yahoo Finance;JPYUSD=X;;OK
2026-06-17;2026-06-17 09:10:13;Nickel;Basismetalle;18010.13;USD/T;15519.32;Trading Economics;nickel;LME;OK
2026-06-17;2026-06-17 09:10:13;Eisenerz;Rohstoffe;101.66;USD/T;87.6;Trading Economics;iron-ore;62% Fe, CFR China;OK
2026-06-17;2026-06-17 09:10:13;Kokskohle;Energietraeger;243.75;USD/T;210.04;Trading Economics;coking-coal;Premium Hard;OK
2026-06-17;2026-06-17 09:10:13;Kobalt;Basismetalle;56290.0;USD/T;48505.08;Trading Economics;cobalt;;OK
2026-06-17;2026-06-17 09:10:13;Mangan;Legierungen;31.75;CNY/mtu;;Trading Economics;manganese;Erz, CNY/mtu;OK
2026-06-17;2026-06-17 09:10:13;Silizium;Legierungen;8485.0;CNY/T;;Trading Economics;silicon;CNY/T;OK
2026-06-17;2026-06-17 09:10:13;Stahl HRC;Stahlpreise;3107.0;CNY/T;;Trading Economics;steel;Hot-Rolled Coil, CNY/T;OK
2026-06-17;2026-06-17 09:10:13;Wolfram;Legierungen;76.171;USD/mtu;65.64;Trading Economics;tungsten;APT;OK
2026-06-17;2026-06-17 09:10:13;Kupfer;Basismetalle;14363.1;USD/MT;12376.68;Yahoo Finance;HG=F;Originalwert: 6.5150 USD/lb;OK
2026-06-17;2026-06-17 09:10:13;Aluminium;Basismetalle;3425.75;USD/MT;2951.97;Yahoo Finance;ALI=F;Originalwert: 3425.7500 USD/MT;OK
2026-06-17;2026-06-17 09:10:13;Zink;Basismetalle;3660.0;USD/MT;3153.82;Yahoo Finance;ZNC=F;Originalwert: 3660.0000 USD/MT;OK
2026-06-17;2026-06-17 09:10:13;Blei;Basismetalle;5628.39;USD/MT;4849.98;Yahoo Finance;LE=F;Originalwert: 255.3000 USX/lb;OK
2026-06-17;2026-06-17 09:10:13;Kurs EUR/USD;Waehrung;1.160497;EUR/USD;;Yahoo Finance;EURUSD=X;;OK
2026-06-17;2026-06-17 09:10:13;Kurs CNY/USD;Waehrung;0.148017;CNY/USD;;Yahoo Finance;CNYUSD=X;;OK
2026-06-17;2026-06-17 09:10:13;Kurs JPY/USD;Waehrung;0.006243;JPY/USD;;Yahoo Finance;JPYUSD=X;;OK
2026-06-18;2026-06-18 09:01:33;Nickel;Basismetalle;17900.13;USD/T;15589.23;Trading Economics;nickel;LME;OK
2026-06-18;2026-06-18 09:01:33;Eisenerz;Rohstoffe;101.28;USD/T;88.2;Trading Economics;iron-ore;62% Fe, CFR China;OK
2026-06-18;2026-06-18 09:01:33;Kokskohle;Energietraeger;244.0;USD/T;212.5;Trading Economics;coking-coal;Premium Hard;OK
2026-06-18;2026-06-18 09:01:33;Kobalt;Basismetalle;56290.0;USD/T;49022.98;Trading Economics;cobalt;;OK
2026-06-18;2026-06-18 09:01:33;Mangan;Legierungen;31.75;CNY/mtu;;Trading Economics;manganese;Erz, CNY/mtu;OK
2026-06-18;2026-06-18 09:01:33;Silizium;Legierungen;8475.0;CNY/T;;Trading Economics;silicon;CNY/T;OK
2026-06-18;2026-06-18 09:01:33;Stahl HRC;Stahlpreise;3084.0;CNY/T;;Trading Economics;steel;Hot-Rolled Coil, CNY/T;OK
2026-06-18;2026-06-18 09:01:33;Wolfram;Legierungen;74.791;USD/mtu;65.14;Trading Economics;tungsten;APT;OK
2026-06-18;2026-06-18 09:01:33;Kupfer;Basismetalle;14097.44;USD/MT;12277.47;Yahoo Finance;HG=F;Originalwert: 6.3945 USD/lb;OK
2026-06-18;2026-06-18 09:01:33;Aluminium;Basismetalle;3411.5;USD/MT;2971.08;Yahoo Finance;ALI=F;Originalwert: 3411.5000 USD/MT;OK
2026-06-18;2026-06-18 09:01:33;Zink;Basismetalle;3660.0;USD/MT;3187.5;Yahoo Finance;ZNC=F;Originalwert: 3660.0000 USD/MT;OK
2026-06-18;2026-06-18 09:01:33;Blei;Basismetalle;5637.76;USD/MT;4909.93;Yahoo Finance;LE=F;Originalwert: 255.7250 USX/lb;OK
2026-06-18;2026-06-18 09:01:33;Kurs EUR/USD;Waehrung;1.148237;EUR/USD;;Yahoo Finance;EURUSD=X;;OK
2026-06-18;2026-06-18 09:01:33;Kurs CNY/USD;Waehrung;0.147802;CNY/USD;;Yahoo Finance;CNYUSD=X;;OK
2026-06-18;2026-06-18 09:01:33;Kurs JPY/USD;Waehrung;0.006234;JPY/USD;;Yahoo Finance;JPYUSD=X;;OK
2026-06-19;2026-06-19 09:11:16;Nickel;Basismetalle;17839.13;USD/T;15562.86;Trading Economics;nickel;LME;OK
2026-06-19;2026-06-19 09:11:16;Eisenerz;Rohstoffe;101.14;USD/T;88.23;Trading Economics;iron-ore;62% Fe, CFR China;OK
2026-06-19;2026-06-19 09:11:16;Kokskohle;Energietraeger;243.0;USD/T;211.99;Trading Economics;coking-coal;Premium Hard;OK
2026-06-19;2026-06-19 09:11:16;Kobalt;Basismetalle;56290.0;USD/T;49107.4;Trading Economics;cobalt;;OK
2026-06-19;2026-06-19 09:11:16;Mangan;Legierungen;31.75;CNY/mtu;;Trading Economics;manganese;Erz, CNY/mtu;OK
2026-06-19;2026-06-19 09:11:16;Silizium;Legierungen;8475.0;CNY/T;;Trading Economics;silicon;CNY/T;OK
2026-06-19;2026-06-19 09:11:16;Stahl HRC;Stahlpreise;3084.0;CNY/T;;Trading Economics;steel;Hot-Rolled Coil, CNY/T;OK
2026-06-19;2026-06-19 09:11:16;Wolfram;Legierungen;76.878;USD/mtu;67.07;Trading Economics;tungsten;APT;OK
2026-06-19;2026-06-19 09:11:16;Kupfer;Basismetalle;14012.56;USD/MT;12224.56;Yahoo Finance;HG=F;Originalwert: 6.3560 USD/lb;OK
2026-06-19;2026-06-19 09:11:16;Aluminium;Basismetalle;3454.25;USD/MT;3013.49;Yahoo Finance;ALI=F;Originalwert: 3454.2500 USD/MT;OK
2026-06-19;2026-06-19 09:11:16;Zink;Basismetalle;3740.0;USD/MT;3262.78;Yahoo Finance;ZNC=F;Originalwert: 3740.0000 USD/MT;OK
2026-06-19;2026-06-19 09:11:16;Blei;Basismetalle;5617.37;USD/MT;4900.59;Yahoo Finance;LE=F;Originalwert: 254.8000 USX/lb;OK
2026-06-19;2026-06-19 09:11:16;Kurs EUR/USD;Waehrung;1.146263;EUR/USD;;Yahoo Finance;EURUSD=X;;OK
2026-06-19;2026-06-19 09:11:16;Kurs CNY/USD;Waehrung;0.147765;CNY/USD;;Yahoo Finance;CNYUSD=X;;OK
2026-06-19;2026-06-19 09:11:16;Kurs JPY/USD;Waehrung;0.0062;JPY/USD;;Yahoo Finance;JPYUSD=X;;OK
2026-06-22;2026-06-22 09:29:22;Nickel;Basismetalle;17773.63;USD/T;15509.28;Trading Economics;nickel;LME;OK
2026-06-22;2026-06-22 09:29:22;Eisenerz;Rohstoffe;101.14;USD/T;88.25;Trading Economics;iron-ore;62% Fe, CFR China;OK
2026-06-22;2026-06-22 09:29:22;Kokskohle;Energietraeger;243.0;USD/T;212.04;Trading Economics;coking-coal;Premium Hard;OK
2026-06-22;2026-06-22 09:29:22;Kobalt;Basismetalle;56290.0;USD/T;49118.67;Trading Economics;cobalt;;OK
2026-06-22;2026-06-22 09:29:22;Mangan;Legierungen;31.75;CNY/mtu;;Trading Economics;manganese;Erz, CNY/mtu;OK
2026-06-22;2026-06-22 09:29:22;Silizium;Legierungen;8420.0;CNY/T;;Trading Economics;silicon;CNY/T;OK
2026-06-22;2026-06-22 09:29:22;Stahl HRC;Stahlpreise;3077.0;CNY/T;;Trading Economics;steel;Hot-Rolled Coil, CNY/T;OK
2026-06-22;2026-06-22 09:29:22;Wolfram;Legierungen;75.26;USD/mtu;65.67;Trading Economics;tungsten;APT;OK
2026-06-22;2026-06-22 09:29:22;Kupfer;Basismetalle;14039.02;USD/MT;12250.45;Yahoo Finance;HG=F;Originalwert: 6.3680 USD/lb;OK
2026-06-22;2026-06-22 09:29:22;Aluminium;Basismetalle;3475.25;USD/MT;3032.5;Yahoo Finance;ALI=F;Originalwert: 3475.2500 USD/MT;OK
2026-06-22;2026-06-22 09:29:22;Zink;Basismetalle;3740.0;USD/MT;3263.53;Yahoo Finance;ZNC=F;Originalwert: 3740.0000 USD/MT;OK
2026-06-22;2026-06-22 09:29:22;Blei;Basismetalle;5617.37;USD/MT;4901.72;Yahoo Finance;LE=F;Originalwert: 254.8000 USX/lb;OK
2026-06-22;2026-06-22 09:29:22;Kurs EUR/USD;Waehrung;1.146;EUR/USD;;Yahoo Finance;EURUSD=X;;OK
2026-06-22;2026-06-22 09:29:22;Kurs CNY/USD;Waehrung;0.147628;CNY/USD;;Yahoo Finance;CNYUSD=X;;OK
2026-06-22;2026-06-22 09:29:22;Kurs JPY/USD;Waehrung;0.006183;JPY/USD;;Yahoo Finance;JPYUSD=X;;OK
2026-06-23;2026-06-23 08:37:52;Nickel;Basismetalle;17329.88;USD/T;15189.64;Trading Economics;nickel;LME;OK
2026-06-23;2026-06-23 08:37:52;Eisenerz;Rohstoffe;100.78;USD/T;88.33;Trading Economics;iron-ore;62% Fe, CFR China;OK
2026-06-23;2026-06-23 08:37:52;Kokskohle;Energietraeger;243.0;USD/T;212.99;Trading Economics;coking-coal;Premium Hard;OK
2026-06-23;2026-06-23 08:37:52;Kobalt;Basismetalle;56290.0;USD/T;49338.2;Trading Economics;cobalt;;OK
2026-06-23;2026-06-23 08:37:52;Mangan;Legierungen;31.25;CNY/mtu;;Trading Economics;manganese;Erz, CNY/mtu;OK
2026-06-23;2026-06-23 08:37:52;Silizium;Legierungen;8400.0;CNY/T;;Trading Economics;silicon;CNY/T;OK
2026-06-23;2026-06-23 08:37:52;Stahl HRC;Stahlpreise;3069.0;CNY/T;;Trading Economics;steel;Hot-Rolled Coil, CNY/T;OK
2026-06-23;2026-06-23 08:37:52;Wolfram;Legierungen;73.735;USD/mtu;64.63;Trading Economics;tungsten;APT;OK
2026-06-23;2026-06-23 08:37:52;Kupfer;Basismetalle;13648.8;USD/MT;11963.18;Yahoo Finance;HG=F;Originalwert: 6.1910 USD/lb;OK
2026-06-23;2026-06-23 08:37:52;Aluminium;Basismetalle;3419.25;USD/MT;2996.97;Yahoo Finance;ALI=F;Originalwert: 3419.2500 USD/MT;OK
2026-06-23;2026-06-23 08:37:52;Zink;Basismetalle;3740.0;USD/MT;3278.11;Yahoo Finance;ZNC=F;Originalwert: 3740.0000 USD/MT;OK
2026-06-23;2026-06-23 08:37:52;Blei;Basismetalle;5639.97;USD/MT;4943.44;Yahoo Finance;LE=F;Originalwert: 255.8250 USX/lb;OK
2026-06-23;2026-06-23 08:37:52;Kurs EUR/USD;Waehrung;1.140901;EUR/USD;;Yahoo Finance;EURUSD=X;;OK
2026-06-23;2026-06-23 08:37:52;Kurs CNY/USD;Waehrung;0.147373;CNY/USD;;Yahoo Finance;CNYUSD=X;;OK
2026-06-23;2026-06-23 08:37:52;Kurs JPY/USD;Waehrung;0.006195;JPY/USD;;Yahoo Finance;JPYUSD=X;;OK
2026-06-24;2026-06-24 08:35:30;Nickel;Basismetalle;16837.63;USD/T;14825.54;Trading Economics;nickel;LME;OK
2026-06-24;2026-06-24 08:35:30;Eisenerz;Rohstoffe;100.53;USD/T;88.52;Trading Economics;iron-ore;62% Fe, CFR China;OK
2026-06-24;2026-06-24 08:35:30;Kokskohle;Energietraeger;243.0;USD/T;213.96;Trading Economics;coking-coal;Premium Hard;OK
2026-06-24;2026-06-24 08:35:30;Kobalt;Basismetalle;56290.0;USD/T;49563.36;Trading Economics;cobalt;;OK
2026-06-24;2026-06-24 08:35:30;Mangan;Legierungen;31.25;CNY/mtu;;Trading Economics;manganese;Erz, CNY/mtu;OK
2026-06-24;2026-06-24 08:35:30;Silizium;Legierungen;8390.0;CNY/T;;Trading Economics;silicon;CNY/T;OK
2026-06-24;2026-06-24 08:35:30;Stahl HRC;Stahlpreise;3080.0;CNY/T;;Trading Economics;steel;Hot-Rolled Coil, CNY/T;OK
2026-06-24;2026-06-24 08:35:30;Wolfram;Legierungen;71.704;USD/mtu;63.14;Trading Economics;tungsten;APT;OK
2026-06-24;2026-06-24 08:35:30;Kupfer;Basismetalle;13534.16;USD/MT;11916.83;Yahoo Finance;HG=F;Originalwert: 6.1390 USD/lb;OK
2026-06-24;2026-06-24 08:35:30;Aluminium;Basismetalle;3363.75;USD/MT;2961.78;Yahoo Finance;ALI=F;Originalwert: 3363.7500 USD/MT;OK
2026-06-24;2026-06-24 08:35:30;Zink;Basismetalle;3740.0;USD/MT;3293.07;Yahoo Finance;ZNC=F;Originalwert: 3740.0000 USD/MT;OK
2026-06-24;2026-06-24 08:35:30;Blei;Basismetalle;5625.09;USD/MT;4952.89;Yahoo Finance;LE=F;Originalwert: 255.1500 USX/lb;OK
2026-06-24;2026-06-24 08:35:30;Kurs EUR/USD;Waehrung;1.135718;EUR/USD;;Yahoo Finance;EURUSD=X;;OK
2026-06-24;2026-06-24 08:35:30;Kurs CNY/USD;Waehrung;0.147022;CNY/USD;;Yahoo Finance;CNYUSD=X;;OK
2026-06-24;2026-06-24 08:35:30;Kurs JPY/USD;Waehrung;0.006185;JPY/USD;;Yahoo Finance;JPYUSD=X;;OK
2026-06-25;2026-06-25 08:33:01;Nickel;Basismetalle;16884.38;USD/T;14846.44;Trading Economics;nickel;LME;OK
2026-06-25;2026-06-25 08:33:01;Eisenerz;Rohstoffe;100.52;USD/T;88.39;Trading Economics;iron-ore;62% Fe, CFR China;OK
2026-06-25;2026-06-25 08:33:01;Kokskohle;Energietraeger;243.0;USD/T;213.67;Trading Economics;coking-coal;Premium Hard;OK
2026-06-25;2026-06-25 08:33:01;Kobalt;Basismetalle;56290.0;USD/T;49495.81;Trading Economics;cobalt;;OK
2026-06-25;2026-06-25 08:33:01;Mangan;Legierungen;31.25;CNY/mtu;;Trading Economics;manganese;Erz, CNY/mtu;OK
2026-06-25;2026-06-25 08:33:01;Silizium;Legierungen;8335.0;CNY/T;;Trading Economics;silicon;CNY/T;OK
2026-06-25;2026-06-25 08:33:01;Stahl HRC;Stahlpreise;3068.0;CNY/T;;Trading Economics;steel;Hot-Rolled Coil, CNY/T;OK
2026-06-25;2026-06-25 08:33:01;Wolfram;Legierungen;69.624;USD/mtu;61.22;Trading Economics;tungsten;APT;OK
2026-06-25;2026-06-25 08:33:01;Kupfer;Basismetalle;13417.32;USD/MT;11797.85;Yahoo Finance;HG=F;Originalwert: 6.0860 USD/lb;OK
2026-06-25;2026-06-25 08:33:01;Aluminium;Basismetalle;3246.75;USD/MT;2854.87;Yahoo Finance;ALI=F;Originalwert: 3246.7500 USD/MT;OK
2026-06-25;2026-06-25 08:33:01;Zink;Basismetalle;3740.0;USD/MT;3288.58;Yahoo Finance;ZNC=F;Originalwert: 3740.0000 USD/MT;OK
2026-06-25;2026-06-25 08:33:01;Blei;Basismetalle;5643.83;USD/MT;4962.62;Yahoo Finance;LE=F;Originalwert: 256.0000 USX/lb;OK
2026-06-25;2026-06-25 08:33:01;Kurs EUR/USD;Waehrung;1.137268;EUR/USD;;Yahoo Finance;EURUSD=X;;OK
2026-06-25;2026-06-25 08:33:01;Kurs CNY/USD;Waehrung;0.147104;CNY/USD;;Yahoo Finance;CNYUSD=X;;OK
2026-06-25;2026-06-25 08:33:01;Kurs JPY/USD;Waehrung;0.006181;JPY/USD;;Yahoo Finance;JPYUSD=X;;OK
2026-06-26;2026-06-26 08:36:11;Nickel;Basismetalle;16747.63;USD/T;14691.02;Trading Economics;nickel;LME;OK
2026-06-26;2026-06-26 08:36:11;Eisenerz;Rohstoffe;100.37;USD/T;88.04;Trading Economics;iron-ore;62% Fe, CFR China;OK
2026-06-26;2026-06-26 08:36:11;Kokskohle;Energietraeger;243.25;USD/T;213.38;Trading Economics;coking-coal;Premium Hard;OK
2026-06-26;2026-06-26 08:36:11;Kobalt;Basismetalle;56290.0;USD/T;49377.58;Trading Economics;cobalt;;OK
2026-06-26;2026-06-26 08:36:11;Mangan;Legierungen;31.25;CNY/mtu;;Trading Economics;manganese;Erz, CNY/mtu;OK
2026-06-26;2026-06-26 08:36:11;Silizium;Legierungen;8240.0;CNY/T;;Trading Economics;silicon;CNY/T;OK
2026-06-26;2026-06-26 08:36:11;Stahl HRC;Stahlpreise;3068.0;CNY/T;;Trading Economics;steel;Hot-Rolled Coil, CNY/T;OK
2026-06-26;2026-06-26 08:36:11;Wolfram;Legierungen;69.451;USD/mtu;60.92;Trading Economics;tungsten;APT;OK
2026-06-26;2026-06-26 08:36:11;Kupfer;Basismetalle;13461.41;USD/MT;11808.35;Yahoo Finance;HG=F;Originalwert: 6.1060 USD/lb;OK
2026-06-26;2026-06-26 08:36:11;Aluminium;Basismetalle;3294.0;USD/MT;2889.5;Yahoo Finance;ALI=F;Originalwert: 3294.0000 USD/MT;OK
2026-06-26;2026-06-26 08:36:11;Zink;Basismetalle;3740.0;USD/MT;3280.73;Yahoo Finance;ZNC=F;Originalwert: 3740.0000 USD/MT;OK
2026-06-26;2026-06-26 08:36:11;Blei;Basismetalle;5674.69;USD/MT;4977.84;Yahoo Finance;LE=F;Originalwert: 257.4000 USX/lb;OK
2026-06-26;2026-06-26 08:36:11;Kurs EUR/USD;Waehrung;1.139991;EUR/USD;;Yahoo Finance;EURUSD=X;;OK
2026-06-26;2026-06-26 08:36:11;Kurs CNY/USD;Waehrung;0.147291;CNY/USD;;Yahoo Finance;CNYUSD=X;;OK
2026-06-26;2026-06-26 08:36:11;Kurs JPY/USD;Waehrung;0.006187;JPY/USD;;Yahoo Finance;JPYUSD=X;;OK
2026-06-29;2026-06-29 09:08:00;Nickel;Basismetalle;16660.88;USD/T;14613.26;Trading Economics;nickel;LME;OK
2026-06-29;2026-06-29 09:08:00;Eisenerz;Rohstoffe;100.33;USD/T;88.0;Trading Economics;iron-ore;62% Fe, CFR China;OK
2026-06-29;2026-06-29 09:08:00;Kokskohle;Energietraeger;243.25;USD/T;213.35;Trading Economics;coking-coal;Premium Hard;OK
2026-06-29;2026-06-29 09:08:00;Kobalt;Basismetalle;56290.0;USD/T;49371.95;Trading Economics;cobalt;;OK
2026-06-29;2026-06-29 09:08:00;Mangan;Legierungen;30.95;CNY/mtu;;Trading Economics;manganese;Erz, CNY/mtu;OK
2026-06-29;2026-06-29 09:08:00;Silizium;Legierungen;8295.0;CNY/T;;Trading Economics;silicon;CNY/T;OK
2026-06-29;2026-06-29 09:08:00;Stahl HRC;Stahlpreise;3060.0;CNY/T;;Trading Economics;steel;Hot-Rolled Coil, CNY/T;OK
2026-06-29;2026-06-29 09:08:00;Wolfram;Legierungen;70.087;USD/mtu;61.47;Trading Economics;tungsten;APT;OK
2026-06-29;2026-06-29 09:08:00;Kupfer;Basismetalle;13627.86;USD/MT;11952.99;Yahoo Finance;HG=F;Originalwert: 6.1815 USD/lb;OK
2026-06-29;2026-06-29 09:08:00;Aluminium;Basismetalle;3300.25;USD/MT;2894.65;Yahoo Finance;ALI=F;Originalwert: 3300.2500 USD/MT;OK
2026-06-29;2026-06-29 09:08:00;Zink;Basismetalle;3740.0;USD/MT;3280.35;Yahoo Finance;ZNC=F;Originalwert: 3740.0000 USD/MT;OK
2026-06-29;2026-06-29 09:08:00;Blei;Basismetalle;5675.79;USD/MT;4978.23;Yahoo Finance;LE=F;Originalwert: 257.4500 USX/lb;OK
2026-06-29;2026-06-29 09:08:00;Kurs EUR/USD;Waehrung;1.140121;EUR/USD;;Yahoo Finance;EURUSD=X;;OK
2026-06-29;2026-06-29 09:08:00;Kurs CNY/USD;Waehrung;0.147221;CNY/USD;;Yahoo Finance;CNYUSD=X;;OK
2026-06-29;2026-06-29 09:08:00;Kurs JPY/USD;Waehrung;0.006179;JPY/USD;;Yahoo Finance;JPYUSD=X;;OK
2026-06-30;2026-06-30 08:37:47;Nickel;Basismetalle;16378.38;USD/T;14378.58;Trading Economics;nickel;LME;OK
2026-06-30;2026-06-30 08:37:47;Eisenerz;Rohstoffe;100.26;USD/T;88.02;Trading Economics;iron-ore;62% Fe, CFR China;OK
2026-06-30;2026-06-30 08:37:47;Kokskohle;Energietraeger;243.17;USD/T;213.48;Trading Economics;coking-coal;Premium Hard;OK
2026-06-30;2026-06-30 08:37:47;Kobalt;Basismetalle;56290.0;USD/T;49416.99;Trading Economics;cobalt;;OK
2026-06-30;2026-06-30 08:37:47;Mangan;Legierungen;30.95;CNY/mtu;;Trading Economics;manganese;Erz, CNY/mtu;OK
2026-06-30;2026-06-30 08:37:47;Silizium;Legierungen;8270.0;CNY/T;;Trading Economics;silicon;CNY/T;OK
2026-06-30;2026-06-30 08:37:47;Stahl HRC;Stahlpreise;3056.0;CNY/T;;Trading Economics;steel;Hot-Rolled Coil, CNY/T;OK
2026-06-30;2026-06-30 08:37:47;Wolfram;Legierungen;70.819;USD/mtu;62.17;Trading Economics;tungsten;APT;OK
2026-06-30;2026-06-30 08:37:47;Kupfer;Basismetalle;13782.18;USD/MT;12099.37;Yahoo Finance;HG=F;Originalwert: 6.2515 USD/lb;OK
2026-06-30;2026-06-30 08:37:47;Aluminium;Basismetalle;3273.5;USD/MT;2873.81;Yahoo Finance;ALI=F;Originalwert: 3273.5000 USD/MT;OK
2026-06-30;2026-06-30 08:37:47;Zink;Basismetalle;3740.0;USD/MT;3283.35;Yahoo Finance;ZNC=F;Originalwert: 3740.0000 USD/MT;OK
2026-06-30;2026-06-30 08:37:47;Blei;Basismetalle;5674.69;USD/MT;4981.81;Yahoo Finance;LE=F;Originalwert: 257.4000 USX/lb;OK
2026-06-30;2026-06-30 08:37:47;Kurs EUR/USD;Waehrung;1.139082;EUR/USD;;Yahoo Finance;EURUSD=X;;OK
2026-06-30;2026-06-30 08:37:47;Kurs CNY/USD;Waehrung;0.147632;CNY/USD;;Yahoo Finance;CNYUSD=X;;OK
2026-06-30;2026-06-30 08:37:47;Kurs JPY/USD;Waehrung;0.00616;JPY/USD;;Yahoo Finance;JPYUSD=X;;OK
2026-07-01;2026-07-01 08:46:46;Nickel;Basismetalle;16345.63;USD/T;14335.12;Trading Economics;nickel;LME;OK
2026-07-01;2026-07-01 08:46:46;Eisenerz;Rohstoffe;100.2;USD/T;87.88;Trading Economics;iron-ore;62% Fe, CFR China;OK
2026-07-01;2026-07-01 08:46:46;Kokskohle;Energietraeger;242.0;USD/T;212.23;Trading Economics;coking-coal;Premium Hard;OK
2026-07-01;2026-07-01 08:46:46;Kobalt;Basismetalle;56290.0;USD/T;49366.32;Trading Economics;cobalt;;OK
2026-07-01;2026-07-01 08:46:46;Mangan;Legierungen;30.95;CNY/mtu;;Trading Economics;manganese;Erz, CNY/mtu;OK
2026-07-01;2026-07-01 08:46:46;Silizium;Legierungen;8315.0;CNY/T;;Trading Economics;silicon;CNY/T;OK
2026-07-01;2026-07-01 08:46:46;Stahl HRC;Stahlpreise;3035.0;CNY/T;;Trading Economics;steel;Hot-Rolled Coil, CNY/T;OK
2026-07-01;2026-07-01 08:46:46;Wolfram;Legierungen;68.826;USD/mtu;60.36;Trading Economics;tungsten;APT;OK
2026-07-01;2026-07-01 08:46:46;Kupfer;Basismetalle;13504.4;USD/MT;11843.36;Yahoo Finance;HG=F;Originalwert: 6.1255 USD/lb;OK
2026-07-01;2026-07-01 08:46:46;Aluminium;Basismetalle;3219.0;USD/MT;2823.06;Yahoo Finance;ALI=F;Originalwert: 3219.0000 USD/MT;OK
2026-07-01;2026-07-01 08:46:46;Zink;Basismetalle;3740.0;USD/MT;3279.98;Yahoo Finance;ZNC=F;Originalwert: 3740.0000 USD/MT;OK
2026-07-01;2026-07-01 08:46:46;Blei;Basismetalle;5692.33;USD/MT;4992.17;Yahoo Finance;LE=F;Originalwert: 258.2000 USX/lb;OK
2026-07-01;2026-07-01 08:46:46;Kurs EUR/USD;Waehrung;1.140251;EUR/USD;;Yahoo Finance;EURUSD=X;;OK
2026-07-01;2026-07-01 08:46:46;Kurs CNY/USD;Waehrung;0.147247;CNY/USD;;Yahoo Finance;CNYUSD=X;;OK
2026-07-01;2026-07-01 08:46:46;Kurs JPY/USD;Waehrung;0.006149;JPY/USD;;Yahoo Finance;JPYUSD=X;;OK
2026-07-02;2026-07-02 08:29:28;Nickel;Basismetalle;16155.25;USD/T;14147.15;Trading Economics;nickel;LME;OK
2026-07-02;2026-07-02 08:29:28;Eisenerz;Rohstoffe;98.36;USD/T;86.13;Trading Economics;iron-ore;62% Fe, CFR China;OK
2026-07-02;2026-07-02 08:29:28;Kokskohle;Energietraeger;242.0;USD/T;211.92;Trading Economics;coking-coal;Premium Hard;OK
2026-07-02;2026-07-02 08:29:28;Kobalt;Basismetalle;56290.0;USD/T;49293.14;Trading Economics;cobalt;;OK
2026-07-02;2026-07-02 08:29:28;Mangan;Legierungen;30.95;CNY/mtu;;Trading Economics;manganese;Erz, CNY/mtu;OK
2026-07-02;2026-07-02 08:29:28;Silizium;Legierungen;8280.0;CNY/T;;Trading Economics;silicon;CNY/T;OK
2026-07-02;2026-07-02 08:29:28;Stahl HRC;Stahlpreise;3043.0;CNY/T;;Trading Economics;steel;Hot-Rolled Coil, CNY/T;OK
2026-07-02;2026-07-02 08:29:28;Wolfram;Legierungen;68.069;USD/mtu;59.61;Trading Economics;tungsten;APT;OK
2026-07-02;2026-07-02 08:29:28;Kupfer;Basismetalle;13550.7;USD/MT;11866.34;Yahoo Finance;HG=F;Originalwert: 6.1465 USD/lb;OK
2026-07-02;2026-07-02 08:29:28;Aluminium;Basismetalle;3214.0;USD/MT;2814.5;Yahoo Finance;ALI=F;Originalwert: 3214.0000 USD/MT;OK
2026-07-02;2026-07-02 08:29:28;Zink;Basismetalle;3740.0;USD/MT;3275.12;Yahoo Finance;ZNC=F;Originalwert: 3740.0000 USD/MT;OK
2026-07-02;2026-07-02 08:29:28;Blei;Basismetalle;5331.32;USD/MT;4668.64;Yahoo Finance;LE=F;Originalwert: 241.8250 USX/lb;OK
2026-07-02;2026-07-02 08:29:28;Kurs EUR/USD;Waehrung;1.141944;EUR/USD;;Yahoo Finance;EURUSD=X;;OK
2026-07-02;2026-07-02 08:29:28;Kurs CNY/USD;Waehrung;0.147373;CNY/USD;;Yahoo Finance;CNYUSD=X;;OK
2026-07-02;2026-07-02 08:29:28;Kurs JPY/USD;Waehrung;0.006202;JPY/USD;;Yahoo Finance;JPYUSD=X;;OK
2026-07-03;2026-07-03 10:13:17;Nickel;Basismetalle;16361.13;USD/T;14289.81;Trading Economics;nickel;LME;OK
2026-07-03;2026-07-03 10:13:17;Eisenerz;Rohstoffe;98.25;USD/T;85.81;Trading Economics;iron-ore;62% Fe, CFR China;OK
2026-07-03;2026-07-03 10:13:17;Kokskohle;Energietraeger;242.0;USD/T;211.36;Trading Economics;coking-coal;Premium Hard;OK
2026-07-03;2026-07-03 10:13:17;Kobalt;Basismetalle;56290.0;USD/T;49163.68;Trading Economics;cobalt;;OK
2026-07-03;2026-07-03 10:13:17;Mangan;Legierungen;30.95;CNY/mtu;;Trading Economics;manganese;Erz, CNY/mtu;OK
2026-07-03;2026-07-03 10:13:17;Silizium;Legierungen;8300.0;CNY/T;;Trading Economics;silicon;CNY/T;OK
2026-07-03;2026-07-03 10:13:17;Stahl HRC;Stahlpreise;3040.0;CNY/T;;Trading Economics;steel;Hot-Rolled Coil, CNY/T;OK
2026-07-03;2026-07-03 10:13:17;Wolfram;Legierungen;68.595;USD/mtu;59.91;Trading Economics;tungsten;APT;OK
2026-07-03;2026-07-03 10:13:17;Kupfer;Basismetalle;13725.96;USD/MT;11988.25;Yahoo Finance;HG=F;Originalwert: 6.2260 USD/lb;OK
2026-07-03;2026-07-03 10:13:17;Aluminium;Basismetalle;3261.0;USD/MT;2848.16;Yahoo Finance;ALI=F;Originalwert: 3261.0000 USD/MT;OK
2026-07-03;2026-07-03 10:13:17;Zink;Basismetalle;3740.0;USD/MT;3266.52;Yahoo Finance;ZNC=F;Originalwert: 3740.0000 USD/MT;OK
2026-07-03;2026-07-03 10:13:17;Blei;Basismetalle;5274.0;USD/MT;4606.31;Yahoo Finance;LE=F;Originalwert: 239.2250 USX/lb;OK
2026-07-03;2026-07-03 10:13:17;Kurs EUR/USD;Waehrung;1.144951;EUR/USD;;Yahoo Finance;EURUSD=X;;OK
2026-07-03;2026-07-03 10:13:17;Kurs CNY/USD;Waehrung;0.147691;CNY/USD;;Yahoo Finance;CNYUSD=X;;OK
2026-07-03;2026-07-03 10:13:17;Kurs JPY/USD;Waehrung;0.006207;JPY/USD;;Yahoo Finance;JPYUSD=X;;OK
2026-07-06;2026-07-06 11:47:06;Nickel;Basismetalle;16228.38;USD/T;14214.44;Trading Economics;nickel;LME;OK
2026-07-06;2026-07-06 11:47:06;Eisenerz;Rohstoffe;98.25;USD/T;86.06;Trading Economics;iron-ore;62% Fe, CFR China;OK
2026-07-06;2026-07-06 11:47:06;Kokskohle;Energietraeger;241.0;USD/T;211.09;Trading Economics;coking-coal;Premium Hard;OK
2026-07-06;2026-07-06 11:47:06;Kobalt;Basismetalle;56290.0;USD/T;49304.4;Trading Economics;cobalt;;OK
2026-07-06;2026-07-06 11:47:06;Mangan;Legierungen;30.95;CNY/mtu;;Trading Economics;manganese;Erz, CNY/mtu;OK
2026-07-06;2026-07-06 11:47:06;Silizium;Legierungen;8300.0;CNY/T;;Trading Economics;silicon;CNY/T;OK
2026-07-06;2026-07-06 11:47:06;Stahl HRC;Stahlpreise;3053.0;CNY/T;;Trading Economics;steel;Hot-Rolled Coil, CNY/T;OK
2026-07-06;2026-07-06 11:47:06;Wolfram;Legierungen;68.397;USD/mtu;59.91;Trading Economics;tungsten;APT;OK
2026-07-06;2026-07-06 11:47:06;Kupfer;Basismetalle;13739.19;USD/MT;12034.15;Yahoo Finance;HG=F;Originalwert: 6.2320 USD/lb;OK
2026-07-06;2026-07-06 11:47:06;Aluminium;Basismetalle;3265.0;USD/MT;2859.81;Yahoo Finance;ALI=F;Originalwert: 3265.0000 USD/MT;OK
2026-07-06;2026-07-06 11:47:06;Zink;Basismetalle;3740.0;USD/MT;3275.87;Yahoo Finance;ZNC=F;Originalwert: 3740.0000 USD/MT;OK
2026-07-06;2026-07-06 11:47:06;Blei;Basismetalle;5274.0;USD/MT;4619.5;Yahoo Finance;LE=F;Originalwert: 239.2250 USX/lb;OK
2026-07-06;2026-07-06 11:47:06;Kurs EUR/USD;Waehrung;1.141683;EUR/USD;;Yahoo Finance;EURUSD=X;;OK
2026-07-06;2026-07-06 11:47:06;Kurs CNY/USD;Waehrung;0.147414;CNY/USD;;Yahoo Finance;CNYUSD=X;;OK
2026-07-06;2026-07-06 11:47:06;Kurs JPY/USD;Waehrung;0.006161;JPY/USD;;Yahoo Finance;JPYUSD=X;;OK
2026-07-07;2026-07-07 10:36:54;Nickel;Basismetalle;16362.13;USD/T;14310.32;Trading Economics;nickel;LME;OK
2026-07-07;2026-07-07 10:36:54;Eisenerz;Rohstoffe;98.3;USD/T;85.97;Trading Economics;iron-ore;62% Fe, CFR China;OK
2026-07-07;2026-07-07 10:36:54;Kokskohle;Energietraeger;234.67;USD/T;205.24;Trading Economics;coking-coal;Premium Hard;OK
2026-07-07;2026-07-07 10:36:54;Kobalt;Basismetalle;56290.0;USD/T;49231.23;Trading Economics;cobalt;;OK
2026-07-07;2026-07-07 10:36:54;Mangan;Legierungen;30.45;CNY/mtu;;Trading Economics;manganese;Erz, CNY/mtu;OK
2026-07-07;2026-07-07 10:36:54;Silizium;Legierungen;8300.0;CNY/T;;Trading Economics;silicon;CNY/T;OK
2026-07-07;2026-07-07 10:36:54;Stahl HRC;Stahlpreise;3053.0;CNY/T;;Trading Economics;steel;Hot-Rolled Coil, CNY/T;OK
2026-07-07;2026-07-07 10:36:54;Wolfram;Legierungen;69.145;USD/mtu;60.47;Trading Economics;tungsten;APT;OK
2026-07-07;2026-07-07 10:36:54;Kupfer;Basismetalle;13763.44;USD/MT;12037.5;Yahoo Finance;HG=F;Originalwert: 6.2430 USD/lb;OK
2026-07-07;2026-07-07 10:36:54;Aluminium;Basismetalle;3317.5;USD/MT;2901.49;Yahoo Finance;ALI=F;Originalwert: 3317.5000 USD/MT;OK
2026-07-07;2026-07-07 10:36:54;Zink;Basismetalle;3740.0;USD/MT;3271.0;Yahoo Finance;ZNC=F;Originalwert: 3740.0000 USD/MT;OK
2026-07-07;2026-07-07 10:36:54;Blei;Basismetalle;5271.25;USD/MT;4610.23;Yahoo Finance;LE=F;Originalwert: 239.1000 USX/lb;OK
2026-07-07;2026-07-07 10:36:54;Kurs EUR/USD;Waehrung;1.14338;EUR/USD;;Yahoo Finance;EURUSD=X;;OK
2026-07-07;2026-07-07 10:36:54;Kurs CNY/USD;Waehrung;0.147453;CNY/USD;;Yahoo Finance;CNYUSD=X;;OK
2026-07-07;2026-07-07 10:36:54;Kurs JPY/USD;Waehrung;0.006176;JPY/USD;;Yahoo Finance;JPYUSD=X;;OK
2026-07-08;2026-07-08 09:43:49;Nickel;Basismetalle;16363.63;USD/T;14339.45;Trading Economics;nickel;LME;OK
2026-07-08;2026-07-08 09:43:49;Eisenerz;Rohstoffe;98.02;USD/T;85.89;Trading Economics;iron-ore;62% Fe, CFR China;OK
2026-07-08;2026-07-08 09:43:49;Kokskohle;Energietraeger;239.0;USD/T;209.44;Trading Economics;coking-coal;Premium Hard;OK
2026-07-08;2026-07-08 09:43:49;Kobalt;Basismetalle;56290.0;USD/T;49326.91;Trading Economics;cobalt;;OK
2026-07-08;2026-07-08 09:43:49;Mangan;Legierungen;30.25;CNY/mtu;;Trading Economics;manganese;Erz, CNY/mtu;OK
2026-07-08;2026-07-08 09:43:49;Silizium;Legierungen;8110.0;CNY/T;;Trading Economics;silicon;CNY/T;OK
2026-07-08;2026-07-08 09:43:49;Stahl HRC;Stahlpreise;3085.0;CNY/T;;Trading Economics;steel;Hot-Rolled Coil, CNY/T;OK
2026-07-08;2026-07-08 09:43:49;Wolfram;Legierungen;74.519;USD/mtu;65.3;Trading Economics;tungsten;APT;OK
2026-07-08;2026-07-08 09:43:49;Kupfer;Basismetalle;13420.62;USD/MT;11760.49;Yahoo Finance;HG=F;Originalwert: 6.0875 USD/lb;OK
2026-07-08;2026-07-08 09:43:49;Aluminium;Basismetalle;3346.5;USD/MT;2932.54;Yahoo Finance;ALI=F;Originalwert: 3346.5000 USD/MT;OK
2026-07-08;2026-07-08 09:43:49;Zink;Basismetalle;3740.0;USD/MT;3277.36;Yahoo Finance;ZNC=F;Originalwert: 3740.0000 USD/MT;OK
2026-07-08;2026-07-08 09:43:49;Blei;Basismetalle;5256.37;USD/MT;4606.16;Yahoo Finance;LE=F;Originalwert: 238.4250 USX/lb;OK
2026-07-08;2026-07-08 09:43:49;Kurs EUR/USD;Waehrung;1.141162;EUR/USD;;Yahoo Finance;EURUSD=X;;OK
2026-07-08;2026-07-08 09:43:49;Kurs CNY/USD;Waehrung;0.147085;CNY/USD;;Yahoo Finance;CNYUSD=X;;OK
2026-07-08;2026-07-08 09:43:49;Kurs JPY/USD;Waehrung;0.006155;JPY/USD;;Yahoo Finance;JPYUSD=X;;OK
2026-07-09;2026-07-09 10:35:53;Nickel;Basismetalle;16515.88;USD/T;14444.79;Trading Economics;nickel;LME;OK
2026-07-09;2026-07-09 10:35:53;Eisenerz;Rohstoffe;98.86;USD/T;86.46;Trading Economics;iron-ore;62% Fe, CFR China;OK
2026-07-09;2026-07-09 10:35:53;Kokskohle;Energietraeger;238.33;USD/T;208.44;Trading Economics;coking-coal;Premium Hard;OK
2026-07-09;2026-07-09 10:35:53;Kobalt;Basismetalle;56290.0;USD/T;49231.23;Trading Economics;cobalt;;OK
2026-07-09;2026-07-09 10:35:53;Mangan;Legierungen;30.25;CNY/mtu;;Trading Economics;manganese;Erz, CNY/mtu;OK
2026-07-09;2026-07-09 10:35:53;Silizium;Legierungen;8305.0;CNY/T;;Trading Economics;silicon;CNY/T;OK
2026-07-09;2026-07-09 10:35:53;Stahl HRC;Stahlpreise;3081.0;CNY/T;;Trading Economics;steel;Hot-Rolled Coil, CNY/T;OK
2026-07-09;2026-07-09 10:35:53;Wolfram;Legierungen;73.856;USD/mtu;64.59;Trading Economics;tungsten;APT;OK
2026-07-09;2026-07-09 10:35:53;Kupfer;Basismetalle;13705.02;USD/MT;11986.41;Yahoo Finance;HG=F;Originalwert: 6.2165 USD/lb;OK
2026-07-09;2026-07-09 10:35:53;Aluminium;Basismetalle;3337.5;USD/MT;2918.98;Yahoo Finance;ALI=F;Originalwert: 3337.5000 USD/MT;OK
2026-07-09;2026-07-09 10:35:53;Zink;Basismetalle;3740.0;USD/MT;3271.0;Yahoo Finance;ZNC=F;Originalwert: 3740.0000 USD/MT;OK
2026-07-09;2026-07-09 10:35:53;Blei;Basismetalle;5238.73;USD/MT;4581.79;Yahoo Finance;LE=F;Originalwert: 237.6250 USX/lb;OK
2026-07-09;2026-07-09 10:35:53;Kurs EUR/USD;Waehrung;1.14338;EUR/USD;;Yahoo Finance;EURUSD=X;;OK
2026-07-09;2026-07-09 10:35:53;Kurs CNY/USD;Waehrung;0.147197;CNY/USD;;Yahoo Finance;CNYUSD=X;;OK
2026-07-09;2026-07-09 10:35:53;Kurs JPY/USD;Waehrung;0.006157;JPY/USD;;Yahoo Finance;JPYUSD=X;;OK
2026-07-10;2026-07-10 10:32:43;Nickel;Basismetalle;16545.38;USD/T;14470.59;Trading Economics;nickel;LME;OK
2026-07-10;2026-07-10 10:32:43;Eisenerz;Rohstoffe;98.57;USD/T;86.21;Trading Economics;iron-ore;62% Fe, CFR China;OK
2026-07-10;2026-07-10 10:32:43;Kokskohle;Energietraeger;237.5;USD/T;207.72;Trading Economics;coking-coal;Premium Hard;OK
2026-07-10;2026-07-10 10:32:43;Kobalt;Basismetalle;56290.0;USD/T;49231.23;Trading Economics;cobalt;;OK
2026-07-10;2026-07-10 10:32:43;Mangan;Legierungen;30.25;CNY/mtu;;Trading Economics;manganese;Erz, CNY/mtu;OK
2026-07-10;2026-07-10 10:32:43;Silizium;Legierungen;8375.0;CNY/T;;Trading Economics;silicon;CNY/T;OK
2026-07-10;2026-07-10 10:32:43;Stahl HRC;Stahlpreise;3077.0;CNY/T;;Trading Economics;steel;Hot-Rolled Coil, CNY/T;OK
2026-07-10;2026-07-10 10:32:43;Wolfram;Legierungen;71.995;USD/mtu;62.97;Trading Economics;tungsten;APT;OK
2026-07-10;2026-07-10 10:32:43;Kupfer;Basismetalle;13804.23;USD/MT;12073.18;Yahoo Finance;HG=F;Originalwert: 6.2615 USD/lb;OK
2026-07-10;2026-07-10 10:32:43;Aluminium;Basismetalle;3340.0;USD/MT;2921.16;Yahoo Finance;ALI=F;Originalwert: 3340.0000 USD/MT;OK
2026-07-10;2026-07-10 10:32:43;Zink;Basismetalle;3760.0;USD/MT;3288.5;Yahoo Finance;ZNC=F;Originalwert: 3760.0000 USD/MT;OK
2026-07-10;2026-07-10 10:32:43;Blei;Basismetalle;5186.37;USD/MT;4536.0;Yahoo Finance;LE=F;Originalwert: 235.2500 USX/lb;OK
2026-07-10;2026-07-10 10:32:43;Kurs EUR/USD;Waehrung;1.14338;EUR/USD;;Yahoo Finance;EURUSD=X;;OK
2026-07-10;2026-07-10 10:32:43;Kurs CNY/USD;Waehrung;0.147844;CNY/USD;;Yahoo Finance;CNYUSD=X;;OK
2026-07-10;2026-07-10 10:32:43;Kurs JPY/USD;Waehrung;0.006184;JPY/USD;;Yahoo Finance;JPYUSD=X;;OK
2026-07-13;2026-07-13 10:38:09;Nickel;Basismetalle;16530.13;USD/T;14458.91;Trading Economics;nickel;LME;OK
2026-07-13;2026-07-13 10:38:09;Eisenerz;Rohstoffe;98.72;USD/T;86.35;Trading Economics;iron-ore;62% Fe, CFR China;OK
2026-07-13;2026-07-13 10:38:09;Kokskohle;Energietraeger;237.0;USD/T;207.3;Trading Economics;coking-coal;Premium Hard;OK
2026-07-13;2026-07-13 10:38:09;Kobalt;Basismetalle;56290.0;USD/T;49236.87;Trading Economics;cobalt;;OK
2026-07-13;2026-07-13 10:38:09;Mangan;Legierungen;30.25;CNY/mtu;;Trading Economics;manganese;Erz, CNY/mtu;OK
2026-07-13;2026-07-13 10:38:09;Silizium;Legierungen;8390.0;CNY/T;;Trading Economics;silicon;CNY/T;OK
2026-07-13;2026-07-13 10:38:09;Stahl HRC;Stahlpreise;3045.0;CNY/T;;Trading Economics;steel;Hot-Rolled Coil, CNY/T;OK
2026-07-13;2026-07-13 10:38:09;Wolfram;Legierungen;73.826;USD/mtu;64.58;Trading Economics;tungsten;APT;OK
2026-07-13;2026-07-13 10:38:09;Kupfer;Basismetalle;13807.54;USD/MT;12077.46;Yahoo Finance;HG=F;Originalwert: 6.2630 USD/lb;OK
2026-07-13;2026-07-13 10:38:09;Aluminium;Basismetalle;3303.25;USD/MT;2889.35;Yahoo Finance;ALI=F;Originalwert: 3303.2500 USD/MT;OK
2026-07-13;2026-07-13 10:38:09;Zink;Basismetalle;3760.0;USD/MT;3288.87;Yahoo Finance;ZNC=F;Originalwert: 3760.0000 USD/MT;OK
2026-07-13;2026-07-13 10:38:09;Blei;Basismetalle;5185.27;USD/MT;4535.56;Yahoo Finance;LE=F;Originalwert: 235.2000 USX/lb;OK
2026-07-13;2026-07-13 10:38:09;Kurs EUR/USD;Waehrung;1.143249;EUR/USD;;Yahoo Finance;EURUSD=X;;OK
2026-07-13;2026-07-13 10:38:09;Kurs CNY/USD;Waehrung;0.147811;CNY/USD;;Yahoo Finance;CNYUSD=X;;OK
2026-07-13;2026-07-13 10:38:09;Kurs JPY/USD;Waehrung;0.006169;JPY/USD;;Yahoo Finance;JPYUSD=X;;OK
2026-07-14;2026-07-14 09:22:59;Nickel;Basismetalle;16756.88;USD/T;14695.78;Trading Economics;nickel;LME;OK
2026-07-14;2026-07-14 09:22:59;Eisenerz;Rohstoffe;98.31;USD/T;86.22;Trading Economics;iron-ore;62% Fe, CFR China;OK
2026-07-14;2026-07-14 09:22:59;Kokskohle;Energietraeger;226.5;USD/T;198.64;Trading Economics;coking-coal;Premium Hard;OK
2026-07-14;2026-07-14 09:22:59;Kobalt;Basismetalle;56290.0;USD/T;49366.32;Trading Economics;cobalt;;OK
2026-07-14;2026-07-14 09:22:59;Mangan;Legierungen;30.25;CNY/mtu;;Trading Economics;manganese;Erz, CNY/mtu;OK
2026-07-14;2026-07-14 09:22:59;Silizium;Legierungen;8440.0;CNY/T;;Trading Economics;silicon;CNY/T;OK
2026-07-14;2026-07-14 09:22:59;Stahl HRC;Stahlpreise;3080.0;CNY/T;;Trading Economics;steel;Hot-Rolled Coil, CNY/T;OK
2026-07-14;2026-07-14 09:22:59;Wolfram;Legierungen;80.474;USD/mtu;70.58;Trading Economics;tungsten;APT;OK
2026-07-14;2026-07-14 09:22:59;Kupfer;Basismetalle;14055.56;USD/MT;12326.72;Yahoo Finance;HG=F;Originalwert: 6.3755 USD/lb;OK
2026-07-14;2026-07-14 09:22:59;Aluminium;Basismetalle;3338.5;USD/MT;2927.86;Yahoo Finance;ALI=F;Originalwert: 3338.5000 USD/MT;OK
2026-07-14;2026-07-14 09:22:59;Zink;Basismetalle;3760.0;USD/MT;3297.52;Yahoo Finance;ZNC=F;Originalwert: 3760.0000 USD/MT;OK
2026-07-14;2026-07-14 09:22:59;Blei;Basismetalle;5174.79;USD/MT;4538.29;Yahoo Finance;LE=F;Originalwert: 234.7250 USX/lb;OK
2026-07-14;2026-07-14 09:22:59;Kurs EUR/USD;Waehrung;1.140251;EUR/USD;;Yahoo Finance;EURUSD=X;;OK
2026-07-14;2026-07-14 09:22:59;Kurs CNY/USD;Waehrung;0.147554;CNY/USD;;Yahoo Finance;CNYUSD=X;;OK
2026-07-14;2026-07-14 09:22:59;Kurs JPY/USD;Waehrung;0.006164;JPY/USD;;Yahoo Finance;JPYUSD=X;;OK
2026-07-15;2026-07-15 09:27:10;Nickel;Basismetalle;16706.88;USD/T;14620.18;Trading Economics;nickel;LME;OK
2026-07-15;2026-07-15 09:27:10;Eisenerz;Rohstoffe;98.92;USD/T;86.56;Trading Economics;iron-ore;62% Fe, CFR China;OK
2026-07-15;2026-07-15 09:27:10;Kokskohle;Energietraeger;228.0;USD/T;199.52;Trading Economics;coking-coal;Premium Hard;OK
2026-07-15;2026-07-15 09:27:10;Kobalt;Basismetalle;56290.0;USD/T;49259.36;Trading Economics;cobalt;;OK
2026-07-15;2026-07-15 09:27:10;Mangan;Legierungen;30.25;CNY/mtu;;Trading Economics;manganese;Erz, CNY/mtu;OK
2026-07-15;2026-07-15 09:27:10;Silizium;Legierungen;8365.0;CNY/T;;Trading Economics;silicon;CNY/T;OK
2026-07-15;2026-07-15 09:27:10;Stahl HRC;Stahlpreise;3114.0;CNY/T;;Trading Economics;steel;Hot-Rolled Coil, CNY/T;OK
2026-07-15;2026-07-15 09:27:10;Wolfram;Legierungen;79.91;USD/mtu;69.93;Trading Economics;tungsten;APT;OK
2026-07-15;2026-07-15 09:27:10;Kupfer;Basismetalle;14083.11;USD/MT;12324.12;Yahoo Finance;HG=F;Originalwert: 6.3880 USD/lb;OK
2026-07-15;2026-07-15 09:27:10;Aluminium;Basismetalle;3448.0;USD/MT;3017.34;Yahoo Finance;ALI=F;Originalwert: 3448.0000 USD/MT;OK
2026-07-15;2026-07-15 09:27:10;Zink;Basismetalle;3760.0;USD/MT;3290.37;Yahoo Finance;ZNC=F;Originalwert: 3760.0000 USD/MT;OK
2026-07-15;2026-07-15 09:27:10;Blei;Basismetalle;5102.04;USD/MT;4464.79;Yahoo Finance;LE=F;Originalwert: 231.4250 USX/lb;OK
2026-07-15;2026-07-15 09:27:10;Kurs EUR/USD;Waehrung;1.142727;EUR/USD;;Yahoo Finance;EURUSD=X;;OK
2026-07-15;2026-07-15 09:27:10;Kurs CNY/USD;Waehrung;0.147931;CNY/USD;;Yahoo Finance;CNYUSD=X;;OK
2026-07-15;2026-07-15 09:27:10;Kurs JPY/USD;Waehrung;0.006162;JPY/USD;;Yahoo Finance;JPYUSD=X;;OK
2026-07-16;2026-07-16 09:33:34;Nickel;Basismetalle;17129.13;USD/T;14941.73;Trading Economics;nickel;LME;OK
2026-07-16;2026-07-16 09:33:34;Eisenerz;Rohstoffe;98.88;USD/T;86.25;Trading Economics;iron-ore;62% Fe, CFR China;OK
2026-07-16;2026-07-16 09:33:34;Kokskohle;Energietraeger;228.25;USD/T;199.1;Trading Economics;coking-coal;Premium Hard;OK
2026-07-16;2026-07-16 09:33:34;Kobalt;Basismetalle;56290.0;USD/T;49101.75;Trading Economics;cobalt;;OK
2026-07-16;2026-07-16 09:33:34;Mangan;Legierungen;30.25;CNY/mtu;;Trading Economics;manganese;Erz, CNY/mtu;OK
2026-07-16;2026-07-16 09:33:34;Silizium;Legierungen;8385.0;CNY/T;;Trading Economics;silicon;CNY/T;OK
2026-07-16;2026-07-16 09:33:34;Stahl HRC;Stahlpreise;3119.0;CNY/T;;Trading Economics;steel;Hot-Rolled Coil, CNY/T;OK
2026-07-16;2026-07-16 09:33:34;Wolfram;Legierungen;79.112;USD/mtu;69.01;Trading Economics;tungsten;APT;OK
2026-07-16;2026-07-16 09:33:34;Kupfer;Basismetalle;14099.65;USD/MT;12299.12;Yahoo Finance;HG=F;Originalwert: 6.3955 USD/lb;OK
2026-07-16;2026-07-16 09:33:34;Aluminium;Basismetalle;3346.5;USD/MT;2919.15;Yahoo Finance;ALI=F;Originalwert: 3346.5000 USD/MT;OK
2026-07-16;2026-07-16 09:33:34;Zink;Basismetalle;3760.0;USD/MT;3279.85;Yahoo Finance;ZNC=F;Originalwert: 3760.0000 USD/MT;OK
2026-07-16;2026-07-16 09:33:34;Blei;Basismetalle;5073.38;USD/MT;4425.51;Yahoo Finance;LE=F;Originalwert: 230.1250 USX/lb;OK
2026-07-16;2026-07-16 09:33:34;Kurs EUR/USD;Waehrung;1.146395;EUR/USD;;Yahoo Finance;EURUSD=X;;OK
2026-07-16;2026-07-16 09:33:34;Kurs CNY/USD;Waehrung;0.147798;CNY/USD;;Yahoo Finance;CNYUSD=X;;OK
2026-07-16;2026-07-16 09:33:34;Kurs JPY/USD;Waehrung;0.006167;JPY/USD;;Yahoo Finance;JPYUSD=X;;OK
2026-07-17;2026-07-17 09:26:03;Nickel;Basismetalle;16798.63;USD/T;14678.64;Trading Economics;nickel;LME;OK
2026-07-17;2026-07-17 09:26:03;Eisenerz;Rohstoffe;98.81;USD/T;86.34;Trading Economics;iron-ore;62% Fe, CFR China;OK
2026-07-17;2026-07-17 09:26:03;Kokskohle;Energietraeger;227.75;USD/T;199.01;Trading Economics;coking-coal;Premium Hard;OK
2026-07-17;2026-07-17 09:26:03;Kobalt;Basismetalle;56290.0;USD/T;49186.19;Trading Economics;cobalt;;OK
2026-07-17;2026-07-17 09:26:03;Mangan;Legierungen;30.25;CNY/mtu;;Trading Economics;manganese;Erz, CNY/mtu;OK
2026-07-17;2026-07-17 09:26:03;Silizium;Legierungen;8275.0;CNY/T;;Trading Economics;silicon;CNY/T;OK
2026-07-17;2026-07-17 09:26:03;Stahl HRC;Stahlpreise;3107.0;CNY/T;;Trading Economics;steel;Hot-Rolled Coil, CNY/T;OK
2026-07-17;2026-07-17 09:26:03;Wolfram;Legierungen;80.463;USD/mtu;70.31;Trading Economics;tungsten;APT;OK
2026-07-17;2026-07-17 09:26:03;Kupfer;Basismetalle;13694.0;USD/MT;11965.81;Yahoo Finance;HG=F;Originalwert: 6.2115 USD/lb;OK
2026-07-17;2026-07-17 09:26:03;Aluminium;Basismetalle;3362.0;USD/MT;2937.71;Yahoo Finance;ALI=F;Originalwert: 3362.0000 USD/MT;OK
2026-07-17;2026-07-17 09:26:03;Zink;Basismetalle;3760.0;USD/MT;3285.49;Yahoo Finance;ZNC=F;Originalwert: 3760.0000 USD/MT;OK
2026-07-17;2026-07-17 09:26:03;Blei;Basismetalle;5006.14;USD/MT;4374.36;Yahoo Finance;LE=F;Originalwert: 227.0750 USX/lb;OK
2026-07-17;2026-07-17 09:26:03;Kurs EUR/USD;Waehrung;1.144427;EUR/USD;;Yahoo Finance;EURUSD=X;;OK
2026-07-17;2026-07-17 09:26:03;Kurs CNY/USD;Waehrung;0.147569;CNY/USD;;Yahoo Finance;CNYUSD=X;;OK
2026-07-17;2026-07-17 09:26:03;Kurs JPY/USD;Waehrung;0.006157;JPY/USD;;Yahoo Finance;JPYUSD=X;;OK
2026-07-20;2026-07-20 10:24:06;Nickel;Basismetalle;17022.0;USD/T;14885.73;Trading Economics;nickel;LME;OK
2026-07-20;2026-07-20 10:24:06;Eisenerz;Rohstoffe;98.88;USD/T;86.47;Trading Economics;iron-ore;62% Fe, CFR China;OK
2026-07-20;2026-07-20 10:24:06;Kokskohle;Energietraeger;227.75;USD/T;199.17;Trading Economics;coking-coal;Premium Hard;OK
2026-07-20;2026-07-20 10:24:06;Kobalt;Basismetalle;56290.0;USD/T;49225.59;Trading Economics;cobalt;;OK
2026-07-20;2026-07-20 10:24:06;Mangan;Legierungen;29.75;CNY/mtu;;Trading Economics;manganese;Erz, CNY/mtu;OK
2026-07-20;2026-07-20 10:24:06;Silizium;Legierungen;8225.0;CNY/T;;Trading Economics;silicon;CNY/T;OK
2026-07-20;2026-07-20 10:24:06;Stahl HRC;Stahlpreise;3088.0;CNY/T;;Trading Economics;steel;Hot-Rolled Coil, CNY/T;OK
2026-07-20;2026-07-20 10:24:06;Wolfram;Legierungen;81.999;USD/mtu;71.71;Trading Economics;tungsten;APT;OK
2026-07-20;2026-07-20 10:24:06;Kupfer;Basismetalle;13932.1;USD/MT;12183.62;Yahoo Finance;HG=F;Originalwert: 6.3195 USD/lb;OK
2026-07-20;2026-07-20 10:24:06;Aluminium;Basismetalle;3529.0;USD/MT;3086.11;Yahoo Finance;ALI=F;Originalwert: 3529.0000 USD/MT;OK
2026-07-20;2026-07-20 10:24:06;Zink;Basismetalle;3760.0;USD/MT;3288.12;Yahoo Finance;ZNC=F;Originalwert: 3760.0000 USD/MT;OK
2026-07-20;2026-07-20 10:24:06;Blei;Basismetalle;4947.72;USD/MT;4326.78;Yahoo Finance;LE=F;Originalwert: 224.4250 USX/lb;OK
2026-07-20;2026-07-20 10:24:06;Kurs EUR/USD;Waehrung;1.143511;EUR/USD;;Yahoo Finance;EURUSD=X;;OK
2026-07-20;2026-07-20 10:24:06;Kurs CNY/USD;Waehrung;0.148014;CNY/USD;;Yahoo Finance;CNYUSD=X;;OK
2026-07-20;2026-07-20 10:24:06;Kurs JPY/USD;Waehrung;0.006158;JPY/USD;;Yahoo Finance;JPYUSD=X;;OK
2026-07-21;2026-07-21 09:58:44;Nickel;Basismetalle;17133.63;USD/T;14995.35;Trading Economics;nickel;LME;OK
2026-07-21;2026-07-21 09:58:44;Eisenerz;Rohstoffe;98.7;USD/T;86.38;Trading Economics;iron-ore;62% Fe, CFR China;OK
2026-07-21;2026-07-21 09:58:44;Kokskohle;Energietraeger;227.5;USD/T;199.11;Trading Economics;coking-coal;Premium Hard;OK
2026-07-21;2026-07-21 09:58:44;Kobalt;Basismetalle;56290.0;USD/T;49265.01;Trading Economics;cobalt;;OK
2026-07-21;2026-07-21 09:58:44;Mangan;Legierungen;29.75;CNY/mtu;;Trading Economics;manganese;Erz, CNY/mtu;OK
2026-07-21;2026-07-21 09:58:44;Silizium;Legierungen;8220.0;CNY/T;;Trading Economics;silicon;CNY/T;OK
2026-07-21;2026-07-21 09:58:44;Stahl HRC;Stahlpreise;3084.0;CNY/T;;Trading Economics;steel;Hot-Rolled Coil, CNY/T;OK
2026-07-21;2026-07-21 09:58:44;Wolfram;Legierungen;83.345;USD/mtu;72.94;Trading Economics;tungsten;APT;OK
2026-07-21;2026-07-21 09:58:44;Kupfer;Basismetalle;14382.94;USD/MT;12587.95;Yahoo Finance;HG=F;Originalwert: 6.5240 USD/lb;OK
2026-07-21;2026-07-21 09:58:44;Aluminium;Basismetalle;3479.25;USD/MT;3045.04;Yahoo Finance;ALI=F;Originalwert: 3479.2500 USD/MT;OK
2026-07-21;2026-07-21 09:58:44;Zink;Basismetalle;3760.0;USD/MT;3290.75;Yahoo Finance;ZNC=F;Originalwert: 3760.0000 USD/MT;OK
2026-07-21;2026-07-21 09:58:44;Blei;Basismetalle;4994.02;USD/MT;4370.77;Yahoo Finance;LE=F;Originalwert: 226.5250 USX/lb;OK
2026-07-21;2026-07-21 09:58:44;Kurs EUR/USD;Waehrung;1.142596;EUR/USD;;Yahoo Finance;EURUSD=X;;OK
2026-07-21;2026-07-21 09:58:44;Kurs CNY/USD;Waehrung;0.14782;CNY/USD;;Yahoo Finance;CNYUSD=X;;OK
2026-07-21;2026-07-21 09:58:44;Kurs JPY/USD;Waehrung;0.006147;JPY/USD;;Yahoo Finance;JPYUSD=X;;OK
2026-07-22;2026-07-22 09:56:00;Nickel;Basismetalle;17108.13;USD/T;14993.56;Trading Economics;nickel;LME;OK
2026-07-22;2026-07-22 09:56:00;Eisenerz;Rohstoffe;98.65;USD/T;86.46;Trading Economics;iron-ore;62% Fe, CFR China;OK
2026-07-22;2026-07-22 09:56:00;Kokskohle;Energietraeger;225.0;USD/T;197.19;Trading Economics;coking-coal;Premium Hard;OK
2026-07-22;2026-07-22 09:56:00;Kobalt;Basismetalle;56290.0;USD/T;49332.53;Trading Economics;cobalt;;OK
2026-07-22;2026-07-22 09:56:00;Mangan;Legierungen;29.75;CNY/mtu;;Trading Economics;manganese;Erz, CNY/mtu;OK
2026-07-22;2026-07-22 09:56:00;Silizium;Legierungen;8185.0;CNY/T;;Trading Economics;silicon;CNY/T;OK
2026-07-22;2026-07-22 09:56:00;Stahl HRC;Stahlpreise;3075.0;CNY/T;;Trading Economics;steel;Hot-Rolled Coil, CNY/T;OK
2026-07-22;2026-07-22 09:56:00;Wolfram;Legierungen;84.308;USD/mtu;73.89;Trading Economics;tungsten;APT;OK
2026-07-22;2026-07-22 09:56:00;Kupfer;Basismetalle;14365.3;USD/MT;12589.74;Yahoo Finance;HG=F;Originalwert: 6.5160 USD/lb;OK
2026-07-22;2026-07-22 09:56:00;Aluminium;Basismetalle;3488.0;USD/MT;3056.88;Yahoo Finance;ALI=F;Originalwert: 3488.0000 USD/MT;OK
2026-07-22;2026-07-22 09:56:00;Zink;Basismetalle;3760.0;USD/MT;3295.26;Yahoo Finance;ZNC=F;Originalwert: 3760.0000 USD/MT;OK
2026-07-22;2026-07-22 09:56:00;Blei;Basismetalle;4997.32;USD/MT;4379.65;Yahoo Finance;LE=F;Originalwert: 226.6750 USX/lb;OK
2026-07-22;2026-07-22 09:56:00;Kurs EUR/USD;Waehrung;1.141032;EUR/USD;;Yahoo Finance;EURUSD=X;;OK
2026-07-22;2026-07-22 09:56:00;Kurs CNY/USD;Waehrung;0.147918;CNY/USD;;Yahoo Finance;CNYUSD=X;;OK
2026-07-22;2026-07-22 09:56:00;Kurs JPY/USD;Waehrung;0.006134;JPY/USD;;Yahoo Finance;JPYUSD=X;;OK
2026-07-23;2026-07-23 09:54:23;Nickel;Basismetalle;17401.88;USD/T;15244.04;Trading Economics;nickel;LME;OK
2026-07-23;2026-07-23 09:54:23;Eisenerz;Rohstoffe;98.38;USD/T;86.18;Trading Economics;iron-ore;62% Fe, CFR China;OK
2026-07-23;2026-07-23 09:54:23;Kokskohle;Energietraeger;221.0;USD/T;193.6;Trading Economics;coking-coal;Premium Hard;OK
2026-07-23;2026-07-23 09:54:23;Kobalt;Basismetalle;56290.0;USD/T;49310.02;Trading Economics;cobalt;;OK
2026-07-23;2026-07-23 09:54:23;Mangan;Legierungen;29.75;CNY/mtu;;Trading Economics;manganese;Erz, CNY/mtu;OK
2026-07-23;2026-07-23 09:54:23;Silizium;Legierungen;8240.0;CNY/T;;Trading Economics;silicon;CNY/T;OK
2026-07-23;2026-07-23 09:54:23;Stahl HRC;Stahlpreise;3072.0;CNY/T;;Trading Economics;steel;Hot-Rolled Coil, CNY/T;OK
2026-07-23;2026-07-23 09:54:23;Wolfram;Legierungen;90.073;USD/mtu;78.9;Trading Economics;tungsten;APT;OK
2026-07-23;2026-07-23 09:54:23;Kupfer;Basismetalle;14247.36;USD/MT;12480.68;Yahoo Finance;HG=F;Originalwert: 6.4625 USD/lb;OK
2026-07-23;2026-07-23 09:54:23;Aluminium;Basismetalle;3435.25;USD/MT;3009.28;Yahoo Finance;ALI=F;Originalwert: 3435.2500 USD/MT;OK
2026-07-23;2026-07-23 09:54:23;Zink;Basismetalle;3760.0;USD/MT;3293.76;Yahoo Finance;ZNC=F;Originalwert: 3760.0000 USD/MT;OK
2026-07-23;2026-07-23 09:54:23;Blei;Basismetalle;4920.71;USD/MT;4310.54;Yahoo Finance;LE=F;Originalwert: 223.2000 USX/lb;OK
2026-07-23;2026-07-23 09:54:23;Kurs EUR/USD;Waehrung;1.141553;EUR/USD;;Yahoo Finance;EURUSD=X;;OK
2026-07-23;2026-07-23 09:54:23;Kurs CNY/USD;Waehrung;0.147971;CNY/USD;;Yahoo Finance;CNYUSD=X;;OK
2026-07-23;2026-07-23 09:54:23;Kurs JPY/USD;Waehrung;0.006121;JPY/USD;;Yahoo Finance;JPYUSD=X;;OK
2026-07-24;2026-07-24 09:42:04;Nickel;Basismetalle;17415.38;USD/T;15292.45;Trading Economics;nickel;LME;OK
2026-07-24;2026-07-24 09:42:04;Eisenerz;Rohstoffe;98.47;USD/T;86.47;Trading Economics;iron-ore;62% Fe, CFR China;OK
2026-07-24;2026-07-24 09:42:04;Kokskohle;Energietraeger;223.0;USD/T;195.82;Trading Economics;coking-coal;Premium Hard;OK
2026-07-24;2026-07-24 09:42:04;Kobalt;Basismetalle;56290.0;USD/T;49428.27;Trading Economics;cobalt;;OK
2026-07-24;2026-07-24 09:42:04;Mangan;Legierungen;29.25;CNY/mtu;;Trading Economics;manganese;Erz, CNY/mtu;OK
2026-07-24;2026-07-24 09:42:04;Silizium;Legierungen;8245.0;CNY/T;;Trading Economics;silicon;CNY/T;OK
2026-07-24;2026-07-24 09:42:04;Stahl HRC;Stahlpreise;3066.0;CNY/T;;Trading Economics;steel;Hot-Rolled Coil, CNY/T;OK
2026-07-24;2026-07-24 09:42:04;Wolfram;Legierungen;88.846;USD/mtu;78.02;Trading Economics;tungsten;APT;OK
2026-07-24;2026-07-24 09:42:04;Kupfer;Basismetalle;14001.54;USD/MT;12294.76;Yahoo Finance;HG=F;Originalwert: 6.3510 USD/lb;OK
2026-07-24;2026-07-24 09:42:04;Aluminium;Basismetalle;3438.25;USD/MT;3019.13;Yahoo Finance;ALI=F;Originalwert: 3438.2500 USD/MT;OK
2026-07-24;2026-07-24 09:42:04;Zink;Basismetalle;3760.0;USD/MT;3301.66;Yahoo Finance;ZNC=F;Originalwert: 3760.0000 USD/MT;OK
2026-07-24;2026-07-24 09:42:04;Blei;Basismetalle;4969.21;USD/MT;4363.47;Yahoo Finance;LE=F;Originalwert: 225.4000 USX/lb;OK
2026-07-24;2026-07-24 09:42:04;Kurs EUR/USD;Waehrung;1.138822;EUR/USD;;Yahoo Finance;EURUSD=X;;OK
2026-07-24;2026-07-24 09:42:04;Kurs CNY/USD;Waehrung;0.147656;CNY/USD;;Yahoo Finance;CNYUSD=X;;OK
2026-07-24;2026-07-24 09:42:04;Kurs JPY/USD;Waehrung;0.006107;JPY/USD;;Yahoo Finance;JPYUSD=X;;OK
2026-07-27;2026-07-27 10:53:09;Nickel;Basismetalle;17366.5;USD/T;15232.16;Trading Economics;nickel;LME;OK
2026-07-27;2026-07-27 10:53:09;Eisenerz;Rohstoffe;98.42;USD/T;86.32;Trading Economics;iron-ore;62% Fe, CFR China;OK
2026-07-27;2026-07-27 10:53:09;Kokskohle;Energietraeger;221.0;USD/T;193.84;Trading Economics;coking-coal;Premium Hard;OK
2026-07-27;2026-07-27 10:53:09;Kobalt;Basismetalle;56290.0;USD/T;49371.95;Trading Economics;cobalt;;OK
2026-07-27;2026-07-27 10:53:09;Mangan;Legierungen;29.25;CNY/mtu;;Trading Economics;manganese;Erz, CNY/mtu;OK
2026-07-27;2026-07-27 10:53:09;Silizium;Legierungen;8260.0;CNY/T;;Trading Economics;silicon;CNY/T;OK
2026-07-27;2026-07-27 10:53:09;Stahl HRC;Stahlpreise;3070.0;CNY/T;;Trading Economics;steel;Hot-Rolled Coil, CNY/T;OK
2026-07-27;2026-07-27 10:53:09;Wolfram;Legierungen;83.168;USD/mtu;72.95;Trading Economics;tungsten;APT;OK
2026-07-27;2026-07-27 10:53:09;Kupfer;Basismetalle;14126.1;USD/MT;12390.0;Yahoo Finance;HG=F;Originalwert: 6.4075 USD/lb;OK
2026-07-27;2026-07-27 10:53:09;Aluminium;Basismetalle;3474.25;USD/MT;3047.26;Yahoo Finance;ALI=F;Originalwert: 3474.2500 USD/MT;OK
2026-07-27;2026-07-27 10:53:09;Zink;Basismetalle;3770.0;USD/MT;3306.67;Yahoo Finance;ZNC=F;Originalwert: 3770.0000 USD/MT;OK
2026-07-27;2026-07-27 10:53:09;Blei;Basismetalle;5006.14;USD/MT;4390.88;Yahoo Finance;LE=F;Originalwert: 227.0750 USX/lb;OK
2026-07-27;2026-07-27 10:53:09;Kurs EUR/USD;Waehrung;1.140121;EUR/USD;;Yahoo Finance;EURUSD=X;;OK
2026-07-27;2026-07-27 10:53:09;Kurs CNY/USD;Waehrung;0.148052;CNY/USD;;Yahoo Finance;CNYUSD=X;;OK
2026-07-27;2026-07-27 10:53:09;Kurs JPY/USD;Waehrung;0.006113;JPY/USD;;Yahoo Finance;JPYUSD=X;;OK
2026-07-28;2026-07-28 10:03:32;Nickel;Basismetalle;17044.88;USD/T;15004.61;Trading Economics;nickel;LME;OK
2026-07-28;2026-07-28 10:03:32;Eisenerz;Rohstoffe;98.35;USD/T;86.58;Trading Economics;iron-ore;62% Fe, CFR China;OK
2026-07-28;2026-07-28 10:03:32;Kokskohle;Energietraeger;222.83;USD/T;196.16;Trading Economics;coking-coal;Premium Hard;OK
2026-07-28;2026-07-28 10:03:32;Kobalt;Basismetalle;56290.0;USD/T;49552.1;Trading Economics;cobalt;;OK
2026-07-28;2026-07-28 10:03:32;Mangan;Legierungen;29.25;CNY/mtu;;Trading Economics;manganese;Erz, CNY/mtu;OK
2026-07-28;2026-07-28 10:03:32;Silizium;Legierungen;8150.0;CNY/T;;Trading Economics;silicon;CNY/T;OK
2026-07-28;2026-07-28 10:03:32;Stahl HRC;Stahlpreise;3054.0;CNY/T;;Trading Economics;steel;Hot-Rolled Coil, CNY/T;OK
2026-07-28;2026-07-28 10:03:32;Wolfram;Legierungen;80.636;USD/mtu;70.98;Trading Economics;tungsten;APT;OK
2026-07-28;2026-07-28 10:03:32;Kupfer;Basismetalle;13955.24;USD/MT;12284.8;Yahoo Finance;HG=F;Originalwert: 6.3300 USD/lb;OK
2026-07-28;2026-07-28 10:03:32;Aluminium;Basismetalle;3412.75;USD/MT;3004.24;Yahoo Finance;ALI=F;Originalwert: 3412.7500 USD/MT;OK
2026-07-28;2026-07-28 10:03:32;Zink;Basismetalle;3800.0;USD/MT;3345.14;Yahoo Finance;ZNC=F;Originalwert: 3800.0000 USD/MT;OK
2026-07-28;2026-07-28 10:03:32;Blei;Basismetalle;4965.36;USD/MT;4371.01;Yahoo Finance;LE=F;Originalwert: 225.2250 USX/lb;OK
2026-07-28;2026-07-28 10:03:32;Kurs EUR/USD;Waehrung;1.135976;EUR/USD;;Yahoo Finance;EURUSD=X;;OK
2026-07-28;2026-07-28 10:03:32;Kurs CNY/USD;Waehrung;0.147968;CNY/USD;;Yahoo Finance;CNYUSD=X;;OK
2026-07-28;2026-07-28 10:03:32;Kurs JPY/USD;Waehrung;0.006102;JPY/USD;;Yahoo Finance;JPYUSD=X;;OK
2026-07-29;2026-07-29 10:05:03;Nickel;Basismetalle;17177.63;USD/T;15075.09;Trading Economics;nickel;LME;OK
2026-07-29;2026-07-29 10:05:03;Eisenerz;Rohstoffe;98.3;USD/T;86.27;Trading Economics;iron-ore;62% Fe, CFR China;OK
2026-07-29;2026-07-29 10:05:03;Kokskohle;Energietraeger;223.5;USD/T;196.14;Trading Economics;coking-coal;Premium Hard;OK
2026-07-29;2026-07-29 10:05:03;Kobalt;Basismetalle;56290.0;USD/T;49400.12;Trading Economics;cobalt;;OK
2026-07-29;2026-07-29 10:05:03;Mangan;Legierungen;29.25;CNY/mtu;;Trading Economics;manganese;Erz, CNY/mtu;OK
2026-07-29;2026-07-29 10:05:03;Silizium;Legierungen;8135.0;CNY/T;;Trading Economics;silicon;CNY/T;OK
2026-07-29;2026-07-29 10:05:03;Stahl HRC;Stahlpreise;3059.0;CNY/T;;Trading Economics;steel;Hot-Rolled Coil, CNY/T;OK
2026-07-29;2026-07-29 10:05:03;Wolfram;Legierungen;82.028;USD/mtu;71.99;Trading Economics;tungsten;APT;OK
2026-07-29;2026-07-29 10:05:03;Kupfer;Basismetalle;13940.91;USD/MT;12234.55;Yahoo Finance;HG=F;Originalwert: 6.3235 USD/lb;OK
2026-07-29;2026-07-29 10:05:03;Aluminium;Basismetalle;3389.75;USD/MT;2974.85;Yahoo Finance;ALI=F;Originalwert: 3389.7500 USD/MT;OK
2026-07-29;2026-07-29 10:05:03;Zink;Basismetalle;3800.0;USD/MT;3334.88;Yahoo Finance;ZNC=F;Originalwert: 3800.0000 USD/MT;OK
2026-07-29;2026-07-29 10:05:03;Blei;Basismetalle;5014.96;USD/MT;4401.13;Yahoo Finance;LE=F;Originalwert: 227.4750 USX/lb;OK
2026-07-29;2026-07-29 10:05:03;Kurs EUR/USD;Waehrung;1.139471;EUR/USD;;Yahoo Finance;EURUSD=X;;OK
2026-07-29;2026-07-29 10:05:03;Kurs CNY/USD;Waehrung;0.14782;CNY/USD;;Yahoo Finance;CNYUSD=X;;OK
2026-07-29;2026-07-29 10:05:03;Kurs JPY/USD;Waehrung;0.006113;JPY/USD;;Yahoo Finance;JPYUSD=X;;OK
2026-07-30;2026-07-30 09:57:30;Nickel;Basismetalle;17113.63;USD/T;14921.38;Trading Economics;nickel;LME;OK
2026-07-30;2026-07-30 09:57:30;Eisenerz;Rohstoffe;98.27;USD/T;85.68;Trading Economics;iron-ore;62% Fe, CFR China;OK
2026-07-30;2026-07-30 09:57:30;Kokskohle;Energietraeger;222.5;USD/T;194.0;Trading Economics;coking-coal;Premium Hard;OK
2026-07-30;2026-07-30 09:57:30;Kobalt;Basismetalle;56290.0;USD/T;49079.27;Trading Economics;cobalt;;OK
2026-07-30;2026-07-30 09:57:30;Mangan;Legierungen;29.05;CNY/mtu;;Trading Economics;manganese;Erz, CNY/mtu;OK
2026-07-30;2026-07-30 09:57:30;Silizium;Legierungen;8150.0;CNY/T;;Trading Economics;silicon;CNY/T;OK
2026-07-30;2026-07-30 09:57:30;Stahl HRC;Stahlpreise;3000.0;CNY/T;;Trading Economics;steel;Hot-Rolled Coil, CNY/T;OK
2026-07-30;2026-07-30 09:57:30;Wolfram;Legierungen;84.333;USD/mtu;73.53;Trading Economics;tungsten;APT;OK
2026-07-30;2026-07-30 09:57:30;Kupfer;Basismetalle;14215.39;USD/MT;12394.4;Yahoo Finance;HG=F;Originalwert: 6.4480 USD/lb;OK
2026-07-30;2026-07-30 09:57:30;Aluminium;Basismetalle;3371.75;USD/MT;2939.83;Yahoo Finance;ALI=F;Originalwert: 3371.7500 USD/MT;OK
2026-07-30;2026-07-30 09:57:30;Zink;Basismetalle;3800.0;USD/MT;3313.22;Yahoo Finance;ZNC=F;Originalwert: 3800.0000 USD/MT;OK
2026-07-30;2026-07-30 09:57:30;Blei;Basismetalle;5024.33;USD/MT;4380.72;Yahoo Finance;LE=F;Originalwert: 227.9000 USX/lb;OK
2026-07-30;2026-07-30 09:57:30;Kurs EUR/USD;Waehrung;1.14692;EUR/USD;;Yahoo Finance;EURUSD=X;;OK
2026-07-30;2026-07-30 09:57:30;Kurs CNY/USD;Waehrung;0.14828;CNY/USD;;Yahoo Finance;CNYUSD=X;;OK
2026-07-30;2026-07-30 09:57:30;Kurs JPY/USD;Waehrung;0.006124;JPY/USD;;Yahoo Finance;JPYUSD=X;;OK
2026-07-31;2026-07-31 10:03:51;Nickel;Basismetalle;17282.88;USD/T;15017.1;Trading Economics;nickel;LME;OK
2026-07-31;2026-07-31 10:03:51;Eisenerz;Rohstoffe;98.25;USD/T;85.37;Trading Economics;iron-ore;62% Fe, CFR China;OK
2026-07-31;2026-07-31 10:03:51;Kokskohle;Energietraeger;218.5;USD/T;189.85;Trading Economics;coking-coal;Premium Hard;OK
2026-07-31;2026-07-31 10:03:51;Kobalt;Basismetalle;56290.0;USD/T;48910.4;Trading Economics;cobalt;;OK
2026-07-31;2026-07-31 10:03:51;Mangan;Legierungen;29.05;CNY/mtu;;Trading Economics;manganese;Erz, CNY/mtu;OK
2026-07-31;2026-07-31 10:03:51;Silizium;Legierungen;8130.0;CNY/T;;Trading Economics;silicon;CNY/T;OK
2026-07-31;2026-07-31 10:03:51;Stahl HRC;Stahlpreise;2987.0;CNY/T;;Trading Economics;steel;Hot-Rolled Coil, CNY/T;OK
2026-07-31;2026-07-31 10:03:51;Wolfram;Legierungen;83.923;USD/mtu;72.92;Trading Economics;tungsten;APT;OK
2026-07-31;2026-07-31 10:03:51;Kupfer;Basismetalle;14311.29;USD/MT;12435.08;Yahoo Finance;HG=F;Originalwert: 6.4915 USD/lb;OK
2026-07-31;2026-07-31 10:03:51;Aluminium;Basismetalle;3360.75;USD/MT;2920.16;Yahoo Finance;ALI=F;Originalwert: 3360.7500 USD/MT;OK
2026-07-31;2026-07-31 10:03:51;Zink;Basismetalle;3800.0;USD/MT;3301.82;Yahoo Finance;ZNC=F;Originalwert: 3800.0000 USD/MT;OK
2026-07-31;2026-07-31 10:03:51;Blei;Basismetalle;5097.63;USD/MT;4429.33;Yahoo Finance;LE=F;Originalwert: 231.2250 USX/lb;OK
2026-07-31;2026-07-31 10:03:51;Kurs EUR/USD;Waehrung;1.15088;EUR/USD;;Yahoo Finance;EURUSD=X;;OK
2026-07-31;2026-07-31 10:03:51;Kurs CNY/USD;Waehrung;0.148379;CNY/USD;;Yahoo Finance;CNYUSD=X;;OK
2026-07-31;2026-07-31 10:03:51;Kurs JPY/USD;Waehrung;0.006252;JPY/USD;;Yahoo Finance;JPYUSD=X;;OK
